CookerStat, GenerateAssetRegistry=36.546852, Initialize=82.480469, RunGuid=RunIDF44C1C26433DD96C22E462A066DBE1F5
MaterialTransactionIdE8E723944C70308C4E86CF9827E873B9_0, CacheKey=MATSM_4F0644619F9C48FF91E0D494C95EB050_PCD3D_SM5_5__BC5N_DEV_SL_NoDBuf_EARLYZ3C7D5704D4320B9CF328908A9E14CE581_Num_SM5__0_49637CE3497F6537F49E7E9678C0735F__TBasePassVSTDistanceFieldShadowsAndLightMapPolicyHQAtmosphericFog8B18AAF8F9198748E9489BA6EBEFA581D907D7CD2094224222222222222222222222224222222222222222222222222222222222222222222424444444440222222222222222222222244442222222222222222222222222222221240222224222222222222222222222222222222222222222222222222222222000044040000001400000014000000140000001400000014000000_TShadowDepthVSForGSVertexShadowDepth_PerspectiveCorrectfalse4B45B91074D2CFA7ACE4DE03393192218069847A170422422222222222222222222222422222222222222222222222222222222222222222242444444444022222222222222222222224444222222222222222222222222222222124022222222222222222222020040440000001400000014000000140000001400000014000000_TBasePassVSFCachedVolumeIndirectLightingPolicyAtmosphericFog8B18AAF8F9198748E9489BA6EBEFA581D907D7CD2094224222222222222222222222224222222222222222222222222222222222222222222424444444440222222222222222222222244442222222222222222222222222222221240222224222222222222222222222222222222222222222222222222222222000044040000001400000014000000140000001400000014000000_TShadowDepthVSForGSVertexShadowDepth_PerspectiveCorrecttrue4B45B91074D2CFA7ACE4DE03393192218069847A170422422222222222222222222222422222222222222222222222222222222222222222242444444444022222222222222222222224444222222222222222222222222222222124022222222222222222222020040440000001400000014000000140000001400000014000000_TShadowDepthVSForGSVertexShadowDepth_OnePassPointLightfalse4B45B91074D2CFA7ACE4DE03393192218069847A170422422222222222222222222222422222222222222222222222222222222222222222242444444444022222222222222222222224444222222222222222222222222222222124022222222222222222222020040440000001400000014000000140000001400000014000000_TBasePassVSFCachedPointIndirectLightingPolicyAtmosphericFog8B18AAF8F9198748E9489BA6EBEFA581D907D7CD2094224222222222222222222222224222222222222222222222222222222222222222222424444444440222222222222222222222244442222222222222222222222222222221240222224222222222222222222222222222222222222222222222222222222000044040000001400000014000000140000001400000014000000_TBasePassPSTDistanceFieldShadowsAndLightMapPolicyHQSkylight8B95D470BB4BF92A5C22A48B60B9DA18A2BE42522144224222222222222222222222224222222222222222222222222222222222222222222424444444440222222222222222222222244442222222222222222222222222222221240222224222222222222222222222222222222222222222222222222222222222202004044001400000014000000140000001400000014000000_TShadowDepthPSPixelShadowDepth_NonPerspectiveCorrectfalseCAB07D2D95B9FDBA4D93434B857B7D78E9EF61F717742242222222222222222222222242222222222222222222222222222222222222222224244444444402222222222222222222222444422222222222222222222222222222212402222222222222222222222222222000044040000001400000014000000140000001400000014000000_TShadowDepthPSPixelShadowDepth_NonPerspectiveCorrecttrueCAB07D2D95B9FDBA4D93434B857B7D78E9EF61F717742242222222222222222222222242222222222222222222222222222222222222222224244444444402222222222222222222222444422222222222222222222222222222212402222222222222222222222222222000044040000001400000014000000140000001400000014000000_TShadowDepthVSVertexShadowDepth_PerspectiveCorrectfalse4B45B91074D2CFA7ACE4DE03393192218069847A170422422222222222222222222222422222222222222222222222222222222222222222242444444444022222222222222222222224444222222222222222222222222222222124022222222222222222222020040440000001400000014000000140000001400000014000000_TShadowDepthVSVertexShadowDepth_PerspectiveCorrecttrue4B45B91074D2CFA7ACE4DE03393192218069847A170422422222222222222222222222422222222222222222222222222222222222222222242444444444022222222222222222222224444222222222222222222222222222222124022222222222222222222020040440000001400000014000000140000001400000014000000_TShadowDepthVSVertexShadowDepth_OnePassPointLightfalse4B45B91074D2CFA7ACE4DE03393192218069847A170422422222222222222222222222422222222222222222222222222222222222222222242444444444022222222222222222222224444222222222222222222222222222222124022222222222222222222020040440000001400000014000000140000001400000014000000_TShadowDepthPSPixelShadowDepth_PerspectiveCorrectfalseCAB07D2D95B9FDBA4D93434B857B7D78E9EF61F717742242222222222222222222222242222222222222222222222222222222222222222224244444444402222222222222222222222444422222222222222222222222222222212402222222222222222222222222222000044040000001400000014000000140000001400000014000000_TBasePassPSFCachedVolumeIndirectLightingPolicySkylight8B95D470BB4BF92A5C22A48B60B9DA18A2BE42522144224222222222222222222222224222222222222222222222222222222222222222222424444444440222222222222222222222244442222222222222222222222222222221240222224222222222222222222222222222222222222222222222222222222222202004044001400000014000000140000001400000014000000_TShadowDepthVSForGSVertexShadowDepth_OutputDepthfalse4B45B91074D2CFA7ACE4DE03393192218069847A170422422222222222222222222222422222222222222222222222222222222222222222242444444444022222222222222222222224444222222222222222222222222222222124022222222222222222222020040440000001400000014000000140000001400000014000000_TShadowDepthPSPixelShadowDepth_PerspectiveCorrecttrueCAB07D2D95B9FDBA4D93434B857B7D78E9EF61F717742242222222222222222222222242222222222222222222222222222222222222222224244444444402222222222222222222222444422222222222222222222222222222212402222222222222222222222222222000044040000001400000014000000140000001400000014000000_TShadowDepthPSPixelShadowDepth_OnePassPointLightfalseCAB07D2D95B9FDBA4D93434B857B7D78E9EF61F717742242222222222222222222222242222222222222222222222222222222222222222224244444444402222222222222222222222444422222222222222222222222222222212402222222222222222222222222222000044040000001400000014000000140000001400000014000000_TBasePassVSFSimpleDynamicLightingPolicyAtmosphericFog8B18AAF8F9198748E9489BA6EBEFA581D907D7CD2094224222222222222222222222224222222222222222222222222222222222222222222424444444440222222222222222222222244442222222222222222222222222222221240222224222222222222222222222222222222222222222222222222222222000044040000001400000014000000140000001400000014000000_TBasePassPSFCachedPointIndirectLightingPolicySkylight8B95D470BB4BF92A5C22A48B60B9DA18A2BE42522144224222222222222222222222224222222222222222222222222222222222222222222424444444440222222222222222222222244442222222222222222222222222222221240222224222222222222222222222222222222222222222222222222222222222202004044001400000014000000140000001400000014000000_TShadowDepthVSForGSVertexShadowDepth_OutputDepthtrue4B45B91074D2CFA7ACE4DE03393192218069847A170422422222222222222222222222422222222222222222222222222222222222222222242444444444022222222222222222222224444222222222222222222222222222222124022222222222222222222020040440000001400000014000000140000001400000014000000_TShadowDepthPSPixelShadowDepth_OnePassPointLighttrueCAB07D2D95B9FDBA4D93434B857B7D78E9EF61F717742242222222222222222222222242222222222222222222222222222222222222222224244444444402222222222222222222222444422222222222222222222222222222212402222222222222222222222222222000044040000001400000014000000140000001400000014000000_TBasePassVSTDistanceFieldShadowsAndLightMapPolicyHQ8B18AAF8F9198748E9489BA6EBEFA581D907D7CD2094224222222222222222222222224222222222222222222222222222222222222222222424444444440222222222222222222222244442222222222222222222222222222221240222224222222222222222222222222222222222222222222222222222222000044040000001400000014000000140000001400000014000000_TBasePassPSTDistanceFieldShadowsAndLightMapPolicyHQ8B95D470BB4BF92A5C22A48B60B9DA18A2BE42522144224222222222222222222222224222222222222222222222222222222222222222222424444444440222222222222222222222244442222222222222222222222222222221240222224222222222222222222222222222222222222222222222222222222222202004044001400000014000000140000001400000014000000_TShadowDepthVSVertexShadowDepth_OutputDepthfalse4B45B91074D2CFA7ACE4DE03393192218069847A170422422222222222222222222222422222222222222222222222222222222222222222242444444444022222222222222222222224444222222222222222222222222222222124022222222222222222222020040440000001400000014000000140000001400000014000000_TShadowDepthVSVertexShadowDepth_OutputDepthtrue4B45B91074D2CFA7ACE4DE03393192218069847A170422422222222222222222222222422222222222222222222222222222222222222222242444444444022222222222222222222224444222222222222222222222222222222124022222222222222222222020040440000001400000014000000140000001400000014000000_TBasePassPSFSimpleDynamicLightingPolicySkylight8B95D470BB4BF92A5C22A48B60B9DA18A2BE42522144224222222222222222222222224222222222222222222222222222222222222222222424444444440222222222222222222222244442222222222222222222222222222221240222224222222222222222222222222222222222222222222222222222222222202004044001400000014000000140000001400000014000000_TBasePassVSFCachedVolumeIndirectLightingPolicy8B18AAF8F9198748E9489BA6EBEFA581D907D7CD2094224222222222222222222222224222222222222222222222222222222222222222222424444444440222222222222222222222244442222222222222222222222222222221240222224222222222222222222222222222222222222222222222222222222000044040000001400000014000000140000001400000014000000_TBasePassPSFCachedVolumeIndirectLightingPolicy8B95D470BB4BF92A5C22A48B60B9DA18A2BE42522144224222222222222222222222224222222222222222222222222222222222222222222424444444440222222222222222222222244442222222222222222222222222222221240222224222222222222222222222222222222222222222222222222222222222202004044001400000014000000140000001400000014000000_TBasePassVSFCachedPointIndirectLightingPolicy8B18AAF8F9198748E9489BA6EBEFA581D907D7CD2094224222222222222222222222224222222222222222222222222222222222222222222424444444440222222222222222222222244442222222222222222222222222222221240222224222222222222222222222222222222222222222222222222222222000044040000001400000014000000140000001400000014000000_TBasePassPSFCachedPointIndirectLightingPolicy8B95D470BB4BF92A5C22A48B60B9DA18A2BE42522144224222222222222222222222224222222222222222222222222222222222222222222424444444440222222222222222222222244442222222222222222222222222222221240222224222222222222222222222222222222222222222222222222222222222202004044001400000014000000140000001400000014000000_TBasePassVSTLightMapPolicyLQAtmosphericFog8B18AAF8F9198748E9489BA6EBEFA581D907D7CD2094224222222222222222222222224222222222222222222222222222222222222222222424444444440222222222222222222222244442222222222222222222222222222221240222224222222222222222222222222222222222222222222222222222222000044040000001400000014000000140000001400000014000000_TBasePassVSTLightMapPolicyHQAtmosphericFog8B18AAF8F9198748E9489BA6EBEFA581D907D7CD2094224222222222222222222222224222222222222222222222222222222222222222222424444444440222222222222222222222244442222222222222222222222222222221240222224222222222222222222222222222222222222222222222222222222000044040000001400000014000000140000001400000014000000_TBasePassVSFNoLightMapPolicyAtmosphericFog8B18AAF8F9198748E9489BA6EBEFA581D907D7CD2094224222222222222222222222224222222222222222222222222222222222222222222424444444440222222222222222222222244442222222222222222222222222222221240222224222222222222222222222222222222222222222222222222222222000044040000001400000014000000140000001400000014000000_TBasePassVSFSimpleDynamicLightingPolicy8B18AAF8F9198748E9489BA6EBEFA581D907D7CD2094224222222222222222222222224222222222222222222222222222222222222222222424444444440222222222222222222222244442222222222222222222222222222221240222224222222222222222222222222222222222222222222222222222222000044040000001400000014000000140000001400000014000000_TBasePassPSFSimpleDynamicLightingPolicy8B95D470BB4BF92A5C22A48B60B9DA18A2BE42522144224222222222222222222222224222222222222222222222222222222222222222222424444444440222222222222222222222244442222222222222222222222222222221240222224222222222222222222222222222222222222222222222222222222222202004044001400000014000000140000001400000014000000_TLightMapDensityVSFDummyLightMapPolicy8DC8B4A28FB2DA0064AD9DDB9D6C920C0CCC85FA15442242222222222222222222222242222222222222222222222222222222222222222224244444444402222222222222222222222444422222222222222222222222222222212402222040040440000001400000014000000140000001400000014000000_TLightMapDensityPSFDummyLightMapPolicy8DC8B4A28FB2DA0064AD9DDB9D6C920C0CCC85FA176422422222222222222222222222422222222222222222222222222222222222222222242444444444022222222222222222222224444222222222222222222222222222222124022222422222222222222222222020040441400000014000000140000001400000014000000_TBasePassPSTLightMapPolicyLQSkylight8B95D470BB4BF92A5C22A48B60B9DA18A2BE42522144224222222222222222222222224222222222222222222222222222222222222222222424444444440222222222222222222222244442222222222222222222222222222221240222224222222222222222222222222222222222222222222222222222222222202004044001400000014000000140000001400000014000000_TBasePassPSTLightMapPolicyHQSkylight8B95D470BB4BF92A5C22A48B60B9DA18A2BE42522144224222222222222222222222224222222222222222222222222222222222222222222424444444440222222222222222222222244442222222222222222222222222222221240222224222222222222222222222222222222222222222222222222222222222202004044001400000014000000140000001400000014000000_TBasePassPSFNoLightMapPolicySkylight8B95D470BB4BF92A5C22A48B60B9DA18A2BE42522144224222222222222222222222224222222222222222222222222222222222222222222424444444440222222222222222222222244442222222222222222222222222222221240222224222222222222222222222222222222222222222222222222222222222202004044001400000014000000140000001400000014000000_TLightMapDensityVSTLightMapPolicyLQ8DC8B4A28FB2DA0064AD9DDB9D6C920C0CCC85FA15442242222222222222222222222242222222222222222222222222222222222222222224244444444402222222222222222222222444422222222222222222222222222222212402222040040440000001400000014000000140000001400000014000000_TLightMapDensityVSTLightMapPolicyHQ8DC8B4A28FB2DA0064AD9DDB9D6C920C0CCC85FA15442242222222222222222222222242222222222222222222222222222222222222222224244444444402222222222222222222222444422222222222222222222222222222212402222040040440000001400000014000000140000001400000014000000_TLightMapDensityVSFNoLightMapPolicy8DC8B4A28FB2DA0064AD9DDB9D6C920C0CCC85FA15442242222222222222222222222242222222222222222222222222222222222222222224244444444402222222222222222222222444422222222222222222222222222222212402222040040440000001400000014000000140000001400000014000000_TLightMapDensityPSTLightMapPolicyLQ8DC8B4A28FB2DA0064AD9DDB9D6C920C0CCC85FA176422422222222222222222222222422222222222222222222222222222222222222222242444444444022222222222222222222224444222222222222222222222222222222124022222422222222222222222222020040441400000014000000140000001400000014000000_TLightMapDensityPSTLightMapPolicyHQ8DC8B4A28FB2DA0064AD9DDB9D6C920C0CCC85FA176422422222222222222222222222422222222222222222222222222222222222222222242444444444022222222222222222222224444222222222222222222222222222222124022222422222222222222222222020040441400000014000000140000001400000014000000_TLightMapDensityPSFNoLightMapPolicy8DC8B4A28FB2DA0064AD9DDB9D6C920C0CCC85FA176422422222222222222222222222422222222222222222222222222222222222222222242444444444022222222222222222222224444222222222222222222222222222222124022222422222222222222222222020040441400000014000000140000001400000014000000_FOnePassPointShadowProjectionGS4B45B91074D2CFA7ACE4DE03393192218069847A15842242222222222222222222222242222222222222222222222222222222222222222224244444444402222222222222222222222444422222222222222222222222222222212402222222202004044001400000014000000140000001400000014000000_TBasePassVSTLightMapPolicyLQ8B18AAF8F9198748E9489BA6EBEFA581D907D7CD2094224222222222222222222222224222222222222222222222222222222222222222222424444444440222222222222222222222244442222222222222222222222222222221240222224222222222222222222222222222222222222222222222222222222000044040000001400000014000000140000001400000014000000_TBasePassVSTLightMapPolicyHQ8B18AAF8F9198748E9489BA6EBEFA581D907D7CD2094224222222222222222222222224222222222222222222222222222222222222222222424444444440222222222222222222222244442222222222222222222222222222221240222224222222222222222222222222222222222222222222222222222222000044040000001400000014000000140000001400000014000000_TBasePassVSFNoLightMapPolicy8B18AAF8F9198748E9489BA6EBEFA581D907D7CD2094224222222222222222222222224222222222222222222222222222222222222222222424444444440222222222222222222222244442222222222222222222222222222221240222224222222222222222222222222222222222222222222222222222222000044040000001400000014000000140000001400000014000000_TBasePassPSTLightMapPolicyLQ8B95D470BB4BF92A5C22A48B60B9DA18A2BE42522144224222222222222222222222224222222222222222222222222222222222222222222424444444440222222222222222222222244442222222222222222222222222222221240222224222222222222222222222222222222222222222222222222222222222202004044001400000014000000140000001400000014000000_TBasePassPSTLightMapPolicyHQ8B95D470BB4BF92A5C22A48B60B9DA18A2BE42522144224222222222222222222222224222222222222222222222222222222222222222222424444444440222222222222222222222244442222222222222222222222222222221240222224222222222222222222222222222222222222222222222222222222222202004044001400000014000000140000001400000014000000_TBasePassPSFNoLightMapPolicy8B95D470BB4BF92A5C22A48B60B9DA18A2BE42522144224222222222222222222222224222222222222222222222222222222222222222222424444444440222222222222222222222244442222222222222222222222222222221240222224222222222222222222222222222222222222222222222222222222222202004044001400000014000000140000001400000014000000_FEvaluateSurfelMaterialCS6258113C2EBBF117ED7778A8D1717F7C4F99C7B816742242222222222222222222222242222222222222222222222222222222222222222224244444444402222222222222222222222444422222222222222222222222222222222222222222222222222220000440414000000140000001400000014000000_FConvertToUniformMeshVSE7DF727A12438F2D529D6604B0B1C022849CCFEB152422422222222222222222222222422222222222222222222222222222222222222222242444444444022222222222222222222224444222222222222222222222222222222124022020040441400000014000000140000001400000014000000_FConvertToUniformMeshGSE7DF727A12438F2D529D6604B0B1C022849CCFEB152422422222222222222222222222422222222222222222222222222222222222222222242444444444022222222222222222222224444222222222222222222222222222222124022020040441400000014000000140000001400000014000000_TDepthOnlyVS$3cfalse$3eC2F5948C7F8AEA8A2D3018421E1327B75B47588B1614224222222222222222222222224222222222222222222222222222222222222222222424444444440222222222222222222222244442222222222222222222222222222221240222222222222000044040000001400000014000000140000001400000014000000_FVertexDensityVS64C424A2AFF1267199326609C2591EDB5C407FC7152422422222222222222222222222422222222222222222222222222222222222222222242444444444022222222222222222222224444222222222222222222222222222222124022020040441400000014000000140000001400000014000000_FVertexDensityPS64C424A2AFF1267199326609C2591EDB5C407FC7152422422222222222222222222222422222222222222222222222222222222222222222242444444444022222222222222222222224444222222222222222222222222222222124022020040441400000014000000140000001400000014000000_FVertexDensityGS64C424A2AFF1267199326609C2591EDB5C407FC715542242222222222222222222222242222222222222222222222222222222222222222224244444444402222222222222222222222444422222222222222222222222222222212402222220000440400001400000014000000140000001400000014000000_FQuadOverdrawVS2475F0239F3E71EDAF91508595C70021840934E8152422422222222222222222222222422222222222222222222222222222222222222222242444444444022222222222222222222224444222222222222222222222222222222124022020040441400000014000000140000001400000014000000_FDepthOnlyPSD2AB77C2E7388A9505C55743A023C9D4CD6D2D66152422422222222222222222222222422222222222222222222222222222222222222222242444444444022222222222222222222224444222222222222222222222222222222124022020040441400000014000000140000001400000014000000_FVelocityVS81DA4B314A9A57ACE05F098D9067A1D6008E0F4915542242222222222222222222222242222222222222222222222222222222222222222224244444444402222222222222222222222444422222222222222222222222222222212402222220000440400001400000014000000140000001400000014000000_FVelocityPS81DA4B314A9A57ACE05F098D9067A1D6008E0F49152422422222222222222222222222422222222222222222222222222222222222222222242444444444022222222222222222222224444222222222222222222222222222222124022020040441400000014000000140000001400000014000000_FHitProxyVS5C0034ED3664D7841C91925A723592E72A2B36DA152422422222222222222222222222422222222222222222222222222222222222222222242444444444022222222222222222222224444222222222222222222222222222222124022020040441400000014000000140000001400000014000000_FHitProxyPS4C4A0D45A86AB444F719FBBE7F5185DFF305E7E115542242222222222222222222222242222222222222222222222222222222222222222224244444444402222222222222222222222444422222222222222222222222222222212402222220000440400001400000014000000140000001400000014000000_DepthNoPixelPipelineC2F5948C7F8AEA8A2D3018421E1327B75B47588B_VelocityPipelineCFC2B26C85BEC0429A7DDF4C83B44B178985C713_DepthPipelineFAE435B4B605039827E8893F5918AE90AABEF8B5_FInstancedStaticMeshVertexFactory5897CEF715AB93237703E35F9ABEBB43E8E477D3312242222222222222222222222222220200000_FLocalVertexFactory5897CEF715AB93237703E35F9ABEBB43E8E477D3422420000000006400004040404040404040404043434344444343434340404040404040404040434343404040404404040404040404040404040434343444443434343404040404040404040404343434040401610101010100042424444444444444442414141434141414141313141414144434144404444444444444441414141414141414143414341414141414141414141413131444441424144444441410101000444341434141414144444443434143444444440444444444444444444444444444444444444444444444444444444444444444444444444440401010101010101010101010101010101010101010101010121044343434344414444444444444444010101010101010101010101010130143414342414141424441413033131314144444444004444443432121414141414141414141414140223414141414141414141250000001000000010000000100000001000000010000000100000001000000010000000100000001000000010000000100000001000000010000000100000001000000010000000100000001000000010000000100000001000000010000000100000001000000025000000100000001000000010000000100000001000000010000000100000001000000010000000100000001000000010000000100000001000000010000000100000001000000010000000100000001000000010000000100000001000000010000000100000000800000008000000080000000800000008000000080000004900000010000000090000000800000010000000100000001000000026000000180000000900000009000000090000000900000009000000090000000900000009000000090000000900000009000000090000000900000009000000090000000900000009000000090000000800000008000000080000000800000008000000080000001C00000009000000090000000900000009000000090000000900000009000000080000000800000008000000080000000800000008000000080000000D0000000800000013000000100000000A00000022BB629BD083AADB3C051D8B85F9A660FB444E040000000000000000000000000000000000000000, ShaderCompilation=53678.093750, RunGuid=RunIDF44C1C26433DD96C22E462A066DBE1F5
DDCTransactionId41EDE3B341B1585891F657BD043D1031_0, PutCachedData=, CacheKey=MATSM_4F0644619F9C48FF91E0D494C95EB050_PCD3D_SM5_5__BC5N_DEV_SL_NoDBuf_EARLYZ3__805328E3A22CEF75F69968FB94981C8FC80E10D0, StartTime=2018.05.13-17.50.27, HierarchicalDDC=, DataSize=629932, Duration=4.032921, RunGuid=RunIDF44C1C26433DD96C22E462A066DBE1F5
SavePackageTransactionIdD0C8F2BA497A025F60D3248DB9D787A6_0, Filename=../../../../sergey/UnrealProjects/Game_1337/TopDownProject/Content/TopDownBP/AI/MyAICharacter.uasset, AutoPackageBackupDelegate=197.096008, FlushAsyncLoading=0.016678, FlushStreamingFunc=0.041910, BlockTillAllRequestsFinished=0.006411, ResetLoadersForSaveUnMarkAllObjects=0.856958, TagPackageExports=28.753843, BeginCacheForCookedPlatformData=0.007696, SerializeImports=102.617271, GatherLocalizableTextData=19.760061, MarkNames=0.156511, SerializeSummary=0.025656, SerializeNames=0.690185, SerializeGatherableTextData=0.152234, BuildExportMap=0.521701, SortExportsNonSeekfree=2.820179, SortExportsSeekfreeConstructor=0.105623, SortExportsSeekfreeInner=45.443134, SortExportsSeekfree=0.011120, BuildDependencyMap=0.210818, SerializeImportMap=0.046182, SerializeExportMap=0.111610, SerializeDependencyMap=0.040196, SerializeStringAssetReferenceMap=0.007700, SaveThumbNailsAssetRegistryDataWorldLevelInfo=38.405304, SerializeExports=36.734154, SerializeBulkData=0.031646, MoveFile=31.136986, UnaccountedTime=111.595230, RunGuid=RunIDF44C1C26433DD96C22E462A066DBE1F5
SavePackageTransactionIdD0C8F2BA497A025F60D3248DB9D787A6_1, Filename=../../../../sergey/UnrealProjects/Game_1337/TopDownProject/Content/TopDownBP/InventorySystem/Item/PickUpItem.uasset, AutoPackageBackupDelegate=21.480818, FlushAsyncLoading=0.013687, FlushStreamingFunc=0.063285, BlockTillAllRequestsFinished=0.009410, ResetLoadersForSaveUnMarkAllObjects=0.152234, TagPackageExports=23.128025, BeginCacheForCookedPlatformData=0.006840, SerializeImports=26.998875, GatherLocalizableTextData=14.346775, MarkNames=0.108186, SerializeSummary=0.020102, SerializeNames=0.492621, SerializeGatherableTextData=0.212956, BuildExportMap=0.316013, SortExportsNonSeekfree=2.626039, SortExportsSeekfreeConstructor=0.116739, SortExportsSeekfreeInner=34.853039, SortExportsSeekfree=0.009406, BuildDependencyMap=0.169769, SerializeImportMap=0.029504, SerializeExportMap=0.092369, SerializeDependencyMap=0.022665, SerializeStringAssetReferenceMap=0.003424, SaveThumbNailsAssetRegistryDataWorldLevelInfo=50.034954, SerializeExports=32.462624, SerializeBulkData=0.014111, MoveFile=154.311401, UnaccountedTime=1.093008, RunGuid=RunIDF44C1C26433DD96C22E462A066DBE1F5
SavePackageTransactionIdD0C8F2BA497A025F60D3248DB9D787A6_2, Filename=../../../../sergey/UnrealProjects/Game_1337/TopDownProject/Content/TopDownBP/InventorySystem/Item/PickUpItem.uasset, AutoPackageBackupDelegate=2.254430, FlushAsyncLoading=0.004277, FlushStreamingFunc=0.064142, BlockTillAllRequestsFinished=0.005562, ResetLoadersForSaveUnMarkAllObjects=0.103485, TagPackageExports=24.374121, BeginCacheForCookedPlatformData=0.006843, SerializeImports=26.138920, GatherLocalizableTextData=14.156051, MarkNames=0.104770, SerializeSummary=0.017960, SerializeNames=31.831875, SerializeGatherableTextData=0.375882, BuildExportMap=0.330124, SortExportsNonSeekfree=2.522554, SortExportsSeekfreeConstructor=0.015393, SortExportsSeekfreeInner=29.291365, SortExportsSeekfree=0.008550, BuildDependencyMap=0.165492, SerializeImportMap=0.043619, SerializeExportMap=0.142395, SerializeDependencyMap=0.059441, SerializeStringAssetReferenceMap=0.004277, SaveThumbNailsAssetRegistryDataWorldLevelInfo=6.607641, SerializeExports=32.373672, SerializeBulkData=0.019670, MoveFile=1.722898, UnaccountedTime=0.290781, RunGuid=RunIDF44C1C26433DD96C22E462A066DBE1F5
SavePackageTransactionIdD0C8F2BA497A025F60D3248DB9D787A6_3, Filename=../../../../sergey/UnrealProjects/Game_1337/TopDownProject/Content/TopDownBP/Maps/TopDownExampleMap.umap, AutoPackageBackupDelegate=692.094727, FlushAsyncLoading=0.014536, FlushStreamingFunc=0.068847, BlockTillAllRequestsFinished=0.008553, ResetLoadersForSaveUnMarkAllObjects=375.090485, TagPackageExports=8.508429, BeginCacheForCookedPlatformData=0.007268, SerializeImports=13.189625, GatherLocalizableTextData=57.444820, MarkNames=0.271540, SerializeSummary=0.024375, SerializeNames=0.941198, SerializeGatherableTextData=0.109471, BuildExportMap=1.166556, SortExportsNonSeekfree=5.556114, SortExportsSeekfreeConstructor=0.093650, SortExportsSeekfreeInner=74.050735, SortExportsSeekfree=0.010688, BuildDependencyMap=0.508446, SerializeImportMap=0.128713, SerializeExportMap=0.200983, SerializeDependencyMap=0.071842, SerializeStringAssetReferenceMap=0.007696, SaveThumbNailsAssetRegistryDataWorldLevelInfo=4.838131, SerializeExports=47.771545, SerializeBulkData=1685.825317, MoveFile=77.437935, UnaccountedTime=2.473801, RunGuid=RunIDF44C1C26433DD96C22E462A066DBE1F5
SavePackageTransactionIdD0C8F2BA497A025F60D3248DB9D787A6_4, Filename=../../../../sergey/UnrealProjects/Game_1337/TopDownProject/Content/TopDownBP/Maps/TopDownExampleMap.umap, AutoPackageBackupDelegate=3.105830, FlushAsyncLoading=0.005133, FlushStreamingFunc=0.074405, BlockTillAllRequestsFinished=0.007696, ResetLoadersForSaveUnMarkAllObjects=85.763771, TagPackageExports=8.696582, BeginCacheForCookedPlatformData=0.008125, SerializeImports=12.574698, GatherLocalizableTextData=56.814503, MarkNames=0.269830, SerializeSummary=0.023093, SerializeNames=0.921100, SerializeGatherableTextData=0.106905, BuildExportMap=1.167413, SortExportsNonSeekfree=5.655751, SortExportsSeekfreeConstructor=0.093222, SortExportsSeekfreeInner=75.036835, SortExportsSeekfree=0.011545, BuildDependencyMap=0.544366, SerializeImportMap=0.106480, SerializeExportMap=0.222791, SerializeDependencyMap=0.059865, SerializeStringAssetReferenceMap=0.006843, SaveThumbNailsAssetRegistryDataWorldLevelInfo=5.171679, SerializeExports=34.634094, SerializeBulkData=1338.396973, MoveFile=28.683283, UnaccountedTime=1.148168, RunGuid=RunIDF44C1C26433DD96C22E462A066DBE1F5
SavePackageTransactionIdD0C8F2BA497A025F60D3248DB9D787A6_5, Filename=../../../../sergey/UnrealProjects/Game_1337/TopDownProject/Content/TopDownBP/InventorySystem/Item/PickUpItem.uasset, AutoPackageBackupDelegate=2.285220, FlushAsyncLoading=0.004277, FlushStreamingFunc=0.101347, BlockTillAllRequestsFinished=0.007696, ResetLoadersForSaveUnMarkAllObjects=0.117596, TagPackageExports=23.988400, BeginCacheForCookedPlatformData=0.007272, SerializeImports=27.772446, GatherLocalizableTextData=13.196036, MarkNames=0.112467, SerializeSummary=0.018813, SerializeNames=0.428908, SerializeGatherableTextData=0.201840, BuildExportMap=0.304893, SortExportsNonSeekfree=2.698734, SortExportsSeekfreeConstructor=0.019245, SortExportsSeekfreeInner=31.063862, SortExportsSeekfree=0.008978, BuildDependencyMap=0.170622, SerializeImportMap=0.028651, SerializeExportMap=0.091083, SerializeDependencyMap=0.017960, SerializeStringAssetReferenceMap=0.002567, SaveThumbNailsAssetRegistryDataWorldLevelInfo=18.128246, SerializeExports=33.938778, SerializeBulkData=0.011548, MoveFile=2.879616, UnaccountedTime=1.012187, RunGuid=RunIDF44C1C26433DD96C22E462A066DBE1F5
SavePackageTransactionIdD0C8F2BA497A025F60D3248DB9D787A6_6, Filename=../../../../sergey/UnrealProjects/Game_1337/TopDownProject/Content/TopDownBP/InventorySystem/Item/PickUpItem.uasset, AutoPackageBackupDelegate=3.024582, FlushAsyncLoading=0.004705, FlushStreamingFunc=5.217437, BlockTillAllRequestsFinished=0.017531, ResetLoadersForSaveUnMarkAllObjects=0.194568, TagPackageExports=25.648008, BeginCacheForCookedPlatformData=0.007268, SerializeImports=29.079691, GatherLocalizableTextData=14.799200, MarkNames=0.118878, SerializeSummary=0.020526, SerializeNames=0.620909, SerializeGatherableTextData=0.228778, BuildExportMap=0.373743, SortExportsNonSeekfree=3.170405, SortExportsSeekfreeConstructor=0.094075, SortExportsSeekfreeInner=34.076900, SortExportsSeekfree=0.011548, BuildDependencyMap=0.205256, SerializeImportMap=0.031646, SerializeExportMap=0.099633, SerializeDependencyMap=0.021808, SerializeStringAssetReferenceMap=0.004277, SaveThumbNailsAssetRegistryDataWorldLevelInfo=23.355093, SerializeExports=41.113873, SerializeBulkData=0.014968, MoveFile=1.373958, UnaccountedTime=1.203332, RunGuid=RunIDF44C1C26433DD96C22E462A066DBE1F5
SavePackageTransactionIdD0C8F2BA497A025F60D3248DB9D787A6_7, Filename=../../../../sergey/UnrealProjects/Game_1337/TopDownProject/Content/TopDownBP/Maps/TopDownExampleMap.umap, AutoPackageBackupDelegate=2.585415, FlushAsyncLoading=0.005558, FlushStreamingFunc=0.059441, BlockTillAllRequestsFinished=0.008550, ResetLoadersForSaveUnMarkAllObjects=87.701759, TagPackageExports=8.908257, BeginCacheForCookedPlatformData=0.007696, SerializeImports=13.496656, GatherLocalizableTextData=59.461922, MarkNames=0.286508, SerializeSummary=0.025656, SerializeNames=1.081463, SerializeGatherableTextData=0.157364, BuildExportMap=1.482572, SortExportsNonSeekfree=5.764793, SortExportsSeekfreeConstructor=0.094078, SortExportsSeekfreeInner=81.211716, SortExportsSeekfree=0.010263, BuildDependencyMap=0.526831, SerializeImportMap=0.103913, SerializeExportMap=0.198845, SerializeDependencyMap=0.097498, SerializeStringAssetReferenceMap=0.007696, SaveThumbNailsAssetRegistryDataWorldLevelInfo=4.794516, SerializeExports=39.008255, SerializeBulkData=1334.151489, MoveFile=3.495395, UnaccountedTime=1.160998, RunGuid=RunIDF44C1C26433DD96C22E462A066DBE1F5
SavePackageTransactionIdD0C8F2BA497A025F60D3248DB9D787A6_8, Filename=../../../../sergey/UnrealProjects/Game_1337/TopDownProject/Content/TopDownBP/Blueprints/CharGoingForAction.uasset, AutoPackageBackupDelegate=3.347866, FlushAsyncLoading=0.011120, FlushStreamingFunc=0.067562, BlockTillAllRequestsFinished=0.006415, ResetLoadersForSaveUnMarkAllObjects=0.397690, TagPackageExports=8.865066, BeginCacheForCookedPlatformData=0.007272, SerializeImports=10.596510, GatherLocalizableTextData=4.904416, MarkNames=0.051316, SerializeSummary=0.016250, SerializeNames=0.188582, SerializeGatherableTextData=0.203121, BuildExportMap=0.181314, SortExportsNonSeekfree=0.976264, SortExportsSeekfreeConstructor=0.019245, SortExportsSeekfreeInner=10.315563, SortExportsSeekfree=0.009406, BuildDependencyMap=0.075262, SerializeImportMap=0.019241, SerializeExportMap=0.040200, SerializeDependencyMap=0.008125, SerializeStringAssetReferenceMap=0.002138, SaveThumbNailsAssetRegistryDataWorldLevelInfo=8.907400, SerializeExports=11.798564, SerializeBulkData=0.010692, MoveFile=21.110495, UnaccountedTime=0.961725, RunGuid=RunIDF44C1C26433DD96C22E462A066DBE1F5
SavePackageTransactionIdD0C8F2BA497A025F60D3248DB9D787A6_9, Filename=../../../../sergey/UnrealProjects/Game_1337/TopDownProject/Content/TopDownBP/InventorySystem/Item/PickUpItem.uasset, AutoPackageBackupDelegate=12.418188, FlushAsyncLoading=0.013258, FlushStreamingFunc=0.064570, BlockTillAllRequestsFinished=0.006843, ResetLoadersForSaveUnMarkAllObjects=0.150520, TagPackageExports=25.082693, BeginCacheForCookedPlatformData=0.007268, SerializeImports=103.357918, GatherLocalizableTextData=14.474206, MarkNames=3.767792, SerializeSummary=0.031643, SerializeNames=0.501603, SerializeGatherableTextData=0.260852, BuildExportMap=0.339534, SortExportsNonSeekfree=4.011534, SortExportsSeekfreeConstructor=0.110757, SortExportsSeekfreeInner=35.097206, SortExportsSeekfree=0.009410, BuildDependencyMap=0.180028, SerializeImportMap=0.030361, SerializeExportMap=0.098351, SerializeDependencyMap=0.019241, SerializeStringAssetReferenceMap=0.003424, SaveThumbNailsAssetRegistryDataWorldLevelInfo=2.659816, SerializeExports=35.393127, SerializeBulkData=0.012830, MoveFile=2.851821, UnaccountedTime=1.175966, RunGuid=RunIDF44C1C26433DD96C22E462A066DBE1F5
SavePackageTransactionIdD0C8F2BA497A025F60D3248DB9D787A6_10, Filename=../../../../sergey/UnrealProjects/Game_1337/TopDownProject/Content/TopDownBP/Blueprints/CharGoingForAction.uasset, AutoPackageBackupDelegate=2.286073, FlushAsyncLoading=0.003852, FlushStreamingFunc=0.118449, BlockTillAllRequestsFinished=0.007272, ResetLoadersForSaveUnMarkAllObjects=0.118025, TagPackageExports=8.605499, BeginCacheForCookedPlatformData=0.006840, SerializeImports=9.323478, GatherLocalizableTextData=5.353421, MarkNames=0.055164, SerializeSummary=0.016250, SerializeNames=0.163350, SerializeGatherableTextData=0.202268, BuildExportMap=0.189863, SortExportsNonSeekfree=0.915971, SortExportsSeekfreeConstructor=0.081677, SortExportsSeekfreeInner=9.098120, SortExportsSeekfree=0.008125, BuildDependencyMap=0.069704, SerializeImportMap=0.018816, SerializeExportMap=0.044473, SerializeDependencyMap=0.081677, SerializeStringAssetReferenceMap=0.005130, SaveThumbNailsAssetRegistryDataWorldLevelInfo=1.070771, SerializeExports=11.853300, SerializeBulkData=0.011116, MoveFile=1.122940, UnaccountedTime=1.010045, RunGuid=RunIDF44C1C26433DD96C22E462A066DBE1F5
SavePackageTransactionIdD0C8F2BA497A025F60D3248DB9D787A6_11, Filename=../../../../sergey/UnrealProjects/Game_1337/TopDownProject/Content/TopDownBP/InventorySystem/Item/PickUpItem.uasset, AutoPackageBackupDelegate=3.026292, FlushAsyncLoading=0.005562, FlushStreamingFunc=0.103910, BlockTillAllRequestsFinished=0.008553, ResetLoadersForSaveUnMarkAllObjects=0.127431, TagPackageExports=23.919556, BeginCacheForCookedPlatformData=0.007268, SerializeImports=27.718138, GatherLocalizableTextData=14.173586, MarkNames=0.111181, SerializeSummary=0.020098, SerializeNames=0.453282, SerializeGatherableTextData=0.282232, BuildExportMap=0.329696, SortExportsNonSeekfree=3.056228, SortExportsSeekfreeConstructor=0.090655, SortExportsSeekfreeInner=32.735016, SortExportsSeekfree=0.009406, BuildDependencyMap=0.179175, SerializeImportMap=0.029936, SerializeExportMap=0.098351, SerializeDependencyMap=0.022236, SerializeStringAssetReferenceMap=0.003420, SaveThumbNailsAssetRegistryDataWorldLevelInfo=17.206293, SerializeExports=35.265266, SerializeBulkData=0.012826, MoveFile=3.273033, UnaccountedTime=1.072906, RunGuid=RunIDF44C1C26433DD96C22E462A066DBE1F5
SavePackageTransactionIdD0C8F2BA497A025F60D3248DB9D787A6_12, Filename=../../../../sergey/UnrealProjects/Game_1337/TopDownProject/Content/TopDownBP/InventorySystem/Item/PickUpItem.uasset, AutoPackageBackupDelegate=2.953168, FlushAsyncLoading=0.006415, FlushStreamingFunc=0.158221, BlockTillAllRequestsFinished=0.008125, ResetLoadersForSaveUnMarkAllObjects=0.125721, TagPackageExports=27.445742, BeginCacheForCookedPlatformData=0.007272, SerializeImports=32.758106, GatherLocalizableTextData=14.856074, MarkNames=0.113320, SerializeSummary=0.020098, SerializeNames=0.426341, SerializeGatherableTextData=0.224929, BuildExportMap=0.363052, SortExportsNonSeekfree=2.935637, SortExportsSeekfreeConstructor=0.094935, SortExportsSeekfreeInner=34.243244, SortExportsSeekfree=0.010263, BuildDependencyMap=0.197560, SerializeImportMap=0.031218, SerializeExportMap=0.100918, SerializeDependencyMap=0.021383, SerializeStringAssetReferenceMap=0.003420, SaveThumbNailsAssetRegistryDataWorldLevelInfo=49.958416, SerializeExports=38.442078, SerializeBulkData=0.012830, MoveFile=2.773568, UnaccountedTime=1.126789, RunGuid=RunIDF44C1C26433DD96C22E462A066DBE1F5
SavePackageTransactionIdD0C8F2BA497A025F60D3248DB9D787A6_13, Filename=../../../../sergey/UnrealProjects/Game_1337/TopDownProject/Content/TopDownBP/InventorySystem/Item/PickUpItem.uasset, AutoPackageBackupDelegate=16.726068, FlushAsyncLoading=0.014540, FlushStreamingFunc=0.076115, BlockTillAllRequestsFinished=0.010692, ResetLoadersForSaveUnMarkAllObjects=0.187729, TagPackageExports=25.281965, BeginCacheForCookedPlatformData=0.007268, SerializeImports=28.873150, GatherLocalizableTextData=14.972814, MarkNames=0.115886, SerializeSummary=0.019241, SerializeNames=0.476375, SerializeGatherableTextData=0.219371, BuildExportMap=0.332691, SortExportsNonSeekfree=2.889026, SortExportsSeekfreeConstructor=0.088088, SortExportsSeekfreeInner=33.872498, SortExportsSeekfree=0.009406, BuildDependencyMap=0.223648, SerializeImportMap=0.031643, SerializeExportMap=0.100918, SerializeDependencyMap=0.018388, SerializeStringAssetReferenceMap=0.002991, SaveThumbNailsAssetRegistryDataWorldLevelInfo=2.540939, SerializeExports=39.455124, SerializeBulkData=0.013258, MoveFile=1.196064, UnaccountedTime=1.069058, RunGuid=RunIDF44C1C26433DD96C22E462A066DBE1F5
SavePackageTransactionIdD0C8F2BA497A025F60D3248DB9D787A6_14, Filename=../../../../sergey/UnrealProjects/Game_1337/TopDownProject/Content/TopDownBP/Maps/TopDownExampleMap.umap, AutoPackageBackupDelegate=84.169159, FlushAsyncLoading=0.014964, FlushStreamingFunc=0.067137, BlockTillAllRequestsFinished=0.008553, ResetLoadersForSaveUnMarkAllObjects=86.298729, TagPackageExports=8.413069, BeginCacheForCookedPlatformData=0.007268, SerializeImports=13.142158, GatherLocalizableTextData=57.626987, MarkNames=0.269830, SerializeSummary=0.024375, SerializeNames=0.931364, SerializeGatherableTextData=0.104342, BuildExportMap=1.248233, SortExportsNonSeekfree=5.650192, SortExportsSeekfreeConstructor=0.094075, SortExportsSeekfreeInner=76.602356, SortExportsSeekfree=0.010692, BuildDependencyMap=0.584561, SerializeImportMap=0.106908, SerializeExportMap=0.202693, SerializeDependencyMap=0.059869, SerializeStringAssetReferenceMap=0.005558, SaveThumbNailsAssetRegistryDataWorldLevelInfo=4.691031, SerializeExports=58.535263, SerializeBulkData=1308.906738, MoveFile=5.202897, UnaccountedTime=1.381222, RunGuid=RunIDF44C1C26433DD96C22E462A066DBE1F5
SavePackageTransactionIdD0C8F2BA497A025F60D3248DB9D787A6_15, Filename=../../../../sergey/UnrealProjects/Game_1337/TopDownProject/Content/TopDownBP/Blueprints/CharGoingForAction.uasset, AutoPackageBackupDelegate=22.257809, FlushAsyncLoading=0.039343, FlushStreamingFunc=0.142828, BlockTillAllRequestsFinished=0.011973, ResetLoadersForSaveUnMarkAllObjects=0.203975, TagPackageExports=10.599505, BeginCacheForCookedPlatformData=0.006843, SerializeImports=10.595232, GatherLocalizableTextData=6.053012, MarkNames=0.064570, SerializeSummary=0.017531, SerializeNames=0.184309, SerializeGatherableTextData=0.220224, BuildExportMap=0.194140, SortExportsNonSeekfree=1.208894, SortExportsSeekfreeConstructor=0.016678, SortExportsSeekfreeInner=11.452616, SortExportsSeekfree=0.010692, BuildDependencyMap=0.097070, SerializeImportMap=0.023946, SerializeExportMap=0.047892, SerializeDependencyMap=0.009406, SerializeStringAssetReferenceMap=0.002567, SaveThumbNailsAssetRegistryDataWorldLevelInfo=1.137052, SerializeExports=12.858644, SerializeBulkData=0.010263, MoveFile=1.008335, UnaccountedTime=1.045115, RunGuid=RunIDF44C1C26433DD96C22E462A066DBE1F5
SavePackageTransactionIdD0C8F2BA497A025F60D3248DB9D787A6_16, Filename=../../../../sergey/UnrealProjects/Game_1337/TopDownProject/Content/TopDownBP/InventorySystem/Item/PickUpItem.uasset, AutoPackageBackupDelegate=2.611928, FlushAsyncLoading=0.004701, FlushStreamingFunc=4.791953, BlockTillAllRequestsFinished=0.015821, ResetLoadersForSaveUnMarkAllObjects=0.182595, TagPackageExports=26.230860, BeginCacheForCookedPlatformData=0.007696, SerializeImports=28.304838, GatherLocalizableTextData=14.628574, MarkNames=0.121444, SerializeSummary=0.019673, SerializeNames=0.446439, SerializeGatherableTextData=0.295915, BuildExportMap=0.335686, SortExportsNonSeekfree=2.908267, SortExportsSeekfreeConstructor=0.093650, SortExportsSeekfreeInner=36.820530, SortExportsSeekfree=0.009838, BuildDependencyMap=0.192858, SerializeImportMap=0.029933, SerializeExportMap=0.097070, SerializeDependencyMap=0.018816, SerializeStringAssetReferenceMap=0.002995, SaveThumbNailsAssetRegistryDataWorldLevelInfo=2.625607, SerializeExports=40.223133, SerializeBulkData=0.011977, MoveFile=3.178526, UnaccountedTime=1.713917, RunGuid=RunIDF44C1C26433DD96C22E462A066DBE1F5
SavePackageTransactionIdD0C8F2BA497A025F60D3248DB9D787A6_17, Filename=../../../../sergey/UnrealProjects/Game_1337/TopDownProject/Content/TopDownBP/InventorySystem/Item/PickUpItem.uasset, AutoPackageBackupDelegate=34.749123, FlushAsyncLoading=0.013255, FlushStreamingFunc=0.062861, BlockTillAllRequestsFinished=0.007272, ResetLoadersForSaveUnMarkAllObjects=0.143252, TagPackageExports=24.638391, BeginCacheForCookedPlatformData=0.007272, SerializeImports=25.459856, GatherLocalizableTextData=14.094048, MarkNames=0.107333, SerializeSummary=0.020526, SerializeNames=0.435319, SerializeGatherableTextData=0.212103, BuildExportMap=0.321571, SortExportsNonSeekfree=2.639722, SortExportsSeekfreeConstructor=0.085950, SortExportsSeekfreeInner=29.671524, SortExportsSeekfree=0.008550, BuildDependencyMap=0.178747, SerializeImportMap=0.031646, SerializeExportMap=0.118878, SerializeDependencyMap=0.021812, SerializeStringAssetReferenceMap=0.003420, SaveThumbNailsAssetRegistryDataWorldLevelInfo=14.185987, SerializeExports=36.992439, SerializeBulkData=0.014536, MoveFile=2.955735, UnaccountedTime=1.118235, RunGuid=RunIDF44C1C26433DD96C22E462A066DBE1F5
SavePackageTransactionIdD0C8F2BA497A025F60D3248DB9D787A6_18, Filename=../../../../sergey/UnrealProjects/Game_1337/TopDownProject/Content/TopDownBP/Blueprints/CharGoingForAction.uasset, AutoPackageBackupDelegate=74.011391, FlushAsyncLoading=0.014111, FlushStreamingFunc=0.055164, BlockTillAllRequestsFinished=0.005987, ResetLoadersForSaveUnMarkAllObjects=0.147529, TagPackageExports=8.839410, BeginCacheForCookedPlatformData=0.005558, SerializeImports=10.008529, GatherLocalizableTextData=5.299971, MarkNames=0.053026, SerializeSummary=0.016674, SerializeNames=0.173189, SerializeGatherableTextData=0.234764, BuildExportMap=0.192434, SortExportsNonSeekfree=0.983533, SortExportsSeekfreeConstructor=0.080392, SortExportsSeekfreeInner=8.809049, SortExportsSeekfree=0.008125, BuildDependencyMap=0.078253, SerializeImportMap=0.020526, SerializeExportMap=0.045754, SerializeDependencyMap=0.010692, SerializeStringAssetReferenceMap=0.002567, SaveThumbNailsAssetRegistryDataWorldLevelInfo=1.120374, SerializeExports=11.868264, SerializeBulkData=0.010263, MoveFile=1.063928, UnaccountedTime=27.264427, RunGuid=RunIDF44C1C26433DD96C22E462A066DBE1F5
SavePackageTransactionIdD0C8F2BA497A025F60D3248DB9D787A6_19, Filename=../../../../sergey/UnrealProjects/Game_1337/TopDownProject/Content/TopDownBP/AI/MyAICharacter.uasset, AutoPackageBackupDelegate=26.024748, FlushAsyncLoading=0.014536, FlushStreamingFunc=0.040624, BlockTillAllRequestsFinished=0.005133, ResetLoadersForSaveUnMarkAllObjects=0.145391, TagPackageExports=27.188313, BeginCacheForCookedPlatformData=0.006840, SerializeImports=29.606096, GatherLocalizableTextData=17.437637, MarkNames=0.136409, SerializeSummary=0.020098, SerializeNames=0.570450, SerializeGatherableTextData=0.148814, BuildExportMap=0.641435, SortExportsNonSeekfree=3.107116, SortExportsSeekfreeConstructor=0.091083, SortExportsSeekfreeInner=45.757011, SortExportsSeekfree=0.010263, BuildDependencyMap=0.944193, SerializeImportMap=0.041053, SerializeExportMap=0.106476, SerializeDependencyMap=0.020526, SerializeStringAssetReferenceMap=0.002991, SaveThumbNailsAssetRegistryDataWorldLevelInfo=13.639483, SerializeExports=37.685616, SerializeBulkData=0.012830, MoveFile=2.676927, UnaccountedTime=1.239251, RunGuid=RunIDF44C1C26433DD96C22E462A066DBE1F5
DDCTransactionId7F10D1FA476FF8171EFF288BF2327688_0, BuildTexture=, CacheKey=TEXTURE_814DCC3DC72143F49509781513CB9855_BGRA8_C93014AE4C815D372DEFE1B2E87D67E5_07_0000803F0000803F0000803F000000000000803F00000000000000000000803F00000000000000000200000001000100000000000101000000040000803FFFFFFFFF00000000FF00FF00FFFF8180803B, StartTime=2018.05.13-18.14.10, Duration=132.950317, RunGuid=RunIDF44C1C26433DD96C22E462A066DBE1F5
DDCTransactionId41EDE3B341B1585891F657BD043D1031_1, PutCachedData=, CacheKey=TEXTURE_814DCC3DC72143F49509781513CB9855_BGRA8_C93014AE4C815D372DEFE1B2E87D67E__479622285506E34AA988ECD740445FFE0739A5DB, StartTime=2018.05.13-18.14.10, HierarchicalDDC=, DataSize=65797, Duration=39.013813, RunGuid=RunIDF44C1C26433DD96C22E462A066DBE1F5
DDCTransactionId41EDE3B341B1585891F657BD043D1031_2, PutCachedData=, CacheKey=TEXTURE_814DCC3DC72143F49509781513CB9855_BGRA8_C93014AE4C815D372DEFE1B2E87D67E__6A1CF7E6B4F8FF1D187C930C9763505287F0A3B4, StartTime=2018.05.13-18.14.10, HierarchicalDDC=, DataSize=22665, Duration=2.874058, RunGuid=RunIDF44C1C26433DD96C22E462A066DBE1F5
SavePackageTransactionIdD0C8F2BA497A025F60D3248DB9D787A6_20, Filename=../../../../sergey/UnrealProjects/Game_1337/TopDownProject/Content/TopDownBP/InventorySystem/Chest/BaseChest.uasset, AutoPackageBackupDelegate=19.311480, FlushAsyncLoading=0.013258, FlushStreamingFunc=0.066709, BlockTillAllRequestsFinished=0.008553, ResetLoadersForSaveUnMarkAllObjects=0.174042, TagPackageExports=13.874248, BeginCacheForCookedPlatformData=0.007268, SerializeImports=24.692270, GatherLocalizableTextData=9.618968, MarkNames=0.089802, SerializeSummary=0.018388, SerializeNames=0.400253, SerializeGatherableTextData=0.097074, BuildExportMap=0.307888, SortExportsNonSeekfree=1.676712, SortExportsSeekfreeConstructor=0.125721, SortExportsSeekfreeInner=20.390804, SortExportsSeekfree=0.008982, BuildDependencyMap=0.112463, SerializeImportMap=0.027370, SerializeExportMap=0.069272, SerializeDependencyMap=0.018388, SerializeStringAssetReferenceMap=0.002995, SaveThumbNailsAssetRegistryDataWorldLevelInfo=11.050649, SerializeExports=18.468208, SerializeBulkData=0.012401, MoveFile=16.978373, UnaccountedTime=0.977974, RunGuid=RunIDF44C1C26433DD96C22E462A066DBE1F5
SavePackageTransactionIdD0C8F2BA497A025F60D3248DB9D787A6_21, Filename=../../../../sergey/UnrealProjects/Game_1337/TopDownProject/Content/TopDownBP/Maps/TopDownExampleMap.umap, AutoPackageBackupDelegate=97.480225, FlushAsyncLoading=0.014540, FlushStreamingFunc=0.067566, BlockTillAllRequestsFinished=0.007696, ResetLoadersForSaveUnMarkAllObjects=83.419533, TagPackageExports=8.324549, BeginCacheForCookedPlatformData=0.008125, SerializeImports=12.709830, GatherLocalizableTextData=56.462997, MarkNames=0.304896, SerializeSummary=0.029504, SerializeNames=1.093436, SerializeGatherableTextData=0.119735, BuildExportMap=1.576647, SortExportsNonSeekfree=5.741704, SortExportsSeekfreeConstructor=0.109043, SortExportsSeekfreeInner=75.705208, SortExportsSeekfree=0.010692, BuildDependencyMap=0.527687, SerializeImportMap=0.121873, SerializeExportMap=0.200983, SerializeDependencyMap=0.055593, SerializeStringAssetReferenceMap=0.004705, SaveThumbNailsAssetRegistryDataWorldLevelInfo=4.610207, SerializeExports=37.666374, SerializeBulkData=1309.560547, MoveFile=5.706638, UnaccountedTime=1.791742, RunGuid=RunIDF44C1C26433DD96C22E462A066DBE1F5
SavePackageTransactionIdD0C8F2BA497A025F60D3248DB9D787A6_22, Filename=../../../../sergey/UnrealProjects/Game_1337/TopDownProject/Content/TopDownBP/Blueprints/CharGoingForAction.uasset, AutoPackageBackupDelegate=2.404098, FlushAsyncLoading=0.006415, FlushStreamingFunc=0.073552, BlockTillAllRequestsFinished=0.005987, ResetLoadersForSaveUnMarkAllObjects=0.125293, TagPackageExports=8.930918, BeginCacheForCookedPlatformData=0.006843, SerializeImports=10.146651, GatherLocalizableTextData=7.303383, MarkNames=0.065856, SerializeSummary=0.017960, SerializeNames=0.177037, SerializeGatherableTextData=0.224076, BuildExportMap=0.195421, SortExportsNonSeekfree=1.066495, SortExportsSeekfreeConstructor=0.017107, SortExportsSeekfreeInner=10.273230, SortExportsSeekfree=0.009406, BuildDependencyMap=0.082530, SerializeImportMap=0.020526, SerializeExportMap=0.046182, SerializeDependencyMap=0.009835, SerializeStringAssetReferenceMap=0.002567, SaveThumbNailsAssetRegistryDataWorldLevelInfo=22.698689, SerializeExports=12.265530, SerializeBulkData=0.009835, MoveFile=0.970278, UnaccountedTime=0.909556, RunGuid=RunIDF44C1C26433DD96C22E462A066DBE1F5
SavePackageTransactionIdD0C8F2BA497A025F60D3248DB9D787A6_23, Filename=../../../../sergey/UnrealProjects/Game_1337/TopDownProject/Content/TopDownBP/Blueprints/CharGoingForAction.uasset, AutoPackageBackupDelegate=2.251867, FlushAsyncLoading=0.003420, FlushStreamingFunc=5.800288, BlockTillAllRequestsFinished=0.016250, ResetLoadersForSaveUnMarkAllObjects=0.156511, TagPackageExports=8.679476, BeginCacheForCookedPlatformData=0.006843, SerializeImports=10.062840, GatherLocalizableTextData=5.507365, MarkNames=0.050887, SerializeSummary=0.016250, SerializeNames=0.162922, SerializeGatherableTextData=33.667664, BuildExportMap=0.219800, SortExportsNonSeekfree=0.854820, SortExportsSeekfreeConstructor=0.088517, SortExportsSeekfreeInner=9.983301, SortExportsSeekfree=0.008125, BuildDependencyMap=0.066709, SerializeImportMap=0.020951, SerializeExportMap=0.040624, SerializeDependencyMap=0.089798, SerializeStringAssetReferenceMap=0.005562, SaveThumbNailsAssetRegistryDataWorldLevelInfo=1.233693, SerializeExports=12.738906, SerializeBulkData=0.011548, MoveFile=1.567669, UnaccountedTime=0.980970, RunGuid=RunIDF44C1C26433DD96C22E462A066DBE1F5
SavePackageTransactionIdD0C8F2BA497A025F60D3248DB9D787A6_24, Filename=../../../../sergey/UnrealProjects/Game_1337/TopDownProject/Content/TopDownBP/InventorySystem/Item/PickUpItem.uasset, AutoPackageBackupDelegate=2.319433, FlushAsyncLoading=0.003848, FlushStreamingFunc=0.059437, BlockTillAllRequestsFinished=0.006843, ResetLoadersForSaveUnMarkAllObjects=0.109900, TagPackageExports=22.059820, BeginCacheForCookedPlatformData=0.007696, SerializeImports=24.426289, GatherLocalizableTextData=15.877667, MarkNames=0.108190, SerializeSummary=0.019670, SerializeNames=0.549067, SerializeGatherableTextData=0.246741, BuildExportMap=0.361342, SortExportsNonSeekfree=2.326272, SortExportsSeekfreeConstructor=0.090655, SortExportsSeekfreeInner=29.304192, SortExportsSeekfree=0.008982, BuildDependencyMap=0.146676, SerializeImportMap=0.028223, SerializeExportMap=0.087235, SerializeDependencyMap=0.019670, SerializeStringAssetReferenceMap=0.003424, SaveThumbNailsAssetRegistryDataWorldLevelInfo=2.244167, SerializeExports=28.300133, SerializeBulkData=0.011973, MoveFile=3.016885, UnaccountedTime=1.001496, RunGuid=RunIDF44C1C26433DD96C22E462A066DBE1F5
SavePackageTransactionIdD0C8F2BA497A025F60D3248DB9D787A6_25, Filename=../../../../sergey/UnrealProjects/Game_1337/TopDownProject/Content/TopDownBP/Maps/TopDownExampleMap.umap, AutoPackageBackupDelegate=3.035702, FlushAsyncLoading=0.005130, FlushStreamingFunc=0.058584, BlockTillAllRequestsFinished=0.007272, ResetLoadersForSaveUnMarkAllObjects=84.333794, TagPackageExports=8.753028, BeginCacheForCookedPlatformData=0.007268, SerializeImports=12.909103, GatherLocalizableTextData=56.628487, MarkNames=0.269830, SerializeSummary=0.023089, SerializeNames=0.992514, SerializeGatherableTextData=0.105623, BuildExportMap=1.182809, SortExportsNonSeekfree=5.415853, SortExportsSeekfreeConstructor=0.094932, SortExportsSeekfreeInner=75.014160, SortExportsSeekfree=0.009838, BuildDependencyMap=0.514857, SerializeImportMap=0.105195, SerializeExportMap=0.200130, SerializeDependencyMap=0.055593, SerializeStringAssetReferenceMap=0.004277, SaveThumbNailsAssetRegistryDataWorldLevelInfo=4.945040, SerializeExports=38.688393, SerializeBulkData=1267.533325, MoveFile=5.706635, UnaccountedTime=1.140475, RunGuid=RunIDF44C1C26433DD96C22E462A066DBE1F5
SavePackageTransactionIdD0C8F2BA497A025F60D3248DB9D787A6_26, Filename=../../../../sergey/UnrealProjects/Game_1337/TopDownProject/Content/TopDownBP/InventorySystem/Chest/BaseChest.uasset, AutoPackageBackupDelegate=4.208669, FlushAsyncLoading=0.011120, FlushStreamingFunc=0.056017, BlockTillAllRequestsFinished=0.009410, ResetLoadersForSaveUnMarkAllObjects=0.145819, TagPackageExports=12.040172, BeginCacheForCookedPlatformData=0.006843, SerializeImports=13.180215, GatherLocalizableTextData=8.807335, MarkNames=0.084244, SerializeSummary=0.019670, SerializeNames=0.386998, SerializeGatherableTextData=0.095360, BuildExportMap=0.288647, SortExportsNonSeekfree=1.312804, SortExportsSeekfreeConstructor=0.082534, SortExportsSeekfreeInner=17.986275, SortExportsSeekfree=0.009838, BuildDependencyMap=0.108615, SerializeImportMap=0.026941, SerializeExportMap=0.059441, SerializeDependencyMap=0.017960, SerializeStringAssetReferenceMap=0.003420, SaveThumbNailsAssetRegistryDataWorldLevelInfo=10.196258, SerializeExports=16.481470, SerializeBulkData=0.011973, MoveFile=1.162279, UnaccountedTime=0.959162, RunGuid=RunIDF44C1C26433DD96C22E462A066DBE1F5
SavePackageTransactionIdD0C8F2BA497A025F60D3248DB9D787A6_27, Filename=../../../../sergey/UnrealProjects/Game_1337/TopDownProject/Content/TopDownBP/Maps/TopDownExampleMap.umap, AutoPackageBackupDelegate=2.487913, FlushAsyncLoading=0.004277, FlushStreamingFunc=0.078682, BlockTillAllRequestsFinished=0.006843, ResetLoadersForSaveUnMarkAllObjects=84.804184, TagPackageExports=8.404515, BeginCacheForCookedPlatformData=0.006843, SerializeImports=12.565721, GatherLocalizableTextData=55.469200, MarkNames=0.258710, SerializeSummary=0.023521, SerializeNames=0.948895, SerializeGatherableTextData=0.102203, BuildExportMap=1.172971, SortExportsNonSeekfree=5.323484, SortExportsSeekfreeConstructor=0.096645, SortExportsSeekfreeInner=73.625244, SortExportsSeekfree=0.009835, BuildDependencyMap=0.511438, SerializeImportMap=0.104338, SerializeExportMap=0.200555, SerializeDependencyMap=0.054736, SerializeStringAssetReferenceMap=0.003848, SaveThumbNailsAssetRegistryDataWorldLevelInfo=4.686754, SerializeExports=35.459408, SerializeBulkData=1296.069458, MoveFile=3.641218, UnaccountedTime=1.223430, RunGuid=RunIDF44C1C26433DD96C22E462A066DBE1F5
SavePackageTransactionIdD0C8F2BA497A025F60D3248DB9D787A6_28, Filename=../../../../sergey/UnrealProjects/Game_1337/TopDownProject/Content/TopDownBP/InventorySystem/Item/PickUpItem.uasset, AutoPackageBackupDelegate=3.840059, FlushAsyncLoading=0.012401, FlushStreamingFunc=5.230691, BlockTillAllRequestsFinished=0.014540, ResetLoadersForSaveUnMarkAllObjects=0.149667, TagPackageExports=20.197521, BeginCacheForCookedPlatformData=0.007268, SerializeImports=24.548162, GatherLocalizableTextData=12.197111, MarkNames=0.097498, SerializeSummary=0.017531, SerializeNames=0.495616, SerializeGatherableTextData=0.208680, BuildExportMap=0.319861, SortExportsNonSeekfree=2.264269, SortExportsSeekfreeConstructor=0.083815, SortExportsSeekfreeInner=29.339682, SortExportsSeekfree=0.008982, BuildDependencyMap=0.142399, SerializeImportMap=0.026938, SerializeExportMap=0.087664, SerializeDependencyMap=0.021383, SerializeStringAssetReferenceMap=0.003420, SaveThumbNailsAssetRegistryDataWorldLevelInfo=2.241176, SerializeExports=29.084820, SerializeBulkData=0.011120, MoveFile=1.857169, UnaccountedTime=1.522340, RunGuid=RunIDF44C1C26433DD96C22E462A066DBE1F5
SavePackageTransactionIdD0C8F2BA497A025F60D3248DB9D787A6_29, Filename=../../../../sergey/UnrealProjects/Game_1337/TopDownProject/Content/TopDownBP/InventorySystem/Chest/BaseChest.uasset, AutoPackageBackupDelegate=2.357915, FlushAsyncLoading=0.004277, FlushStreamingFunc=0.124440, BlockTillAllRequestsFinished=0.006840, ResetLoadersForSaveUnMarkAllObjects=0.121448, TagPackageExports=12.012378, BeginCacheForCookedPlatformData=0.006840, SerializeImports=13.175942, GatherLocalizableTextData=7.667292, MarkNames=0.079535, SerializeSummary=0.017107, SerializeNames=0.401109, SerializeGatherableTextData=0.116315, BuildExportMap=0.289928, SortExportsNonSeekfree=1.319647, SortExportsSeekfreeConstructor=0.088092, SortExportsSeekfreeInner=18.878729, SortExportsSeekfree=0.008553, BuildDependencyMap=0.106905, SerializeImportMap=0.029933, SerializeExportMap=0.059441, SerializeDependencyMap=0.017960, SerializeStringAssetReferenceMap=0.003424, SaveThumbNailsAssetRegistryDataWorldLevelInfo=43.226761, SerializeExports=16.908669, SerializeBulkData=0.059441, MoveFile=1.072906, UnaccountedTime=1.187939, RunGuid=RunIDF44C1C26433DD96C22E462A066DBE1F5
SavePackageTransactionIdD0C8F2BA497A025F60D3248DB9D787A6_30, Filename=../../../../sergey/UnrealProjects/Game_1337/TopDownProject/Content/TopDownBP/Maps/TopDownExampleMap.umap, AutoPackageBackupDelegate=74.521973, FlushAsyncLoading=0.016250, FlushStreamingFunc=0.111610, BlockTillAllRequestsFinished=0.008553, ResetLoadersForSaveUnMarkAllObjects=92.255096, TagPackageExports=9.214431, BeginCacheForCookedPlatformData=0.007700, SerializeImports=13.159260, GatherLocalizableTextData=57.564129, MarkNames=0.273250, SerializeSummary=0.025231, SerializeNames=0.979684, SerializeGatherableTextData=0.109047, BuildExportMap=1.176819, SortExportsNonSeekfree=5.452201, SortExportsSeekfreeConstructor=0.093650, SortExportsSeekfreeInner=74.456543, SortExportsSeekfree=0.010692, BuildDependencyMap=0.530679, SerializeImportMap=0.103056, SerializeExportMap=0.202265, SerializeDependencyMap=0.055164, SerializeStringAssetReferenceMap=0.004705, SaveThumbNailsAssetRegistryDataWorldLevelInfo=4.693169, SerializeExports=34.976620, SerializeBulkData=1281.795898, MoveFile=3.726739, UnaccountedTime=1.264058, RunGuid=RunIDF44C1C26433DD96C22E462A066DBE1F5
SavePackageTransactionIdD0C8F2BA497A025F60D3248DB9D787A6_31, Filename=../../../../sergey/UnrealProjects/Game_1337/TopDownProject/Content/TopDownBP/Maps/TopDownExampleMap.umap, AutoPackageBackupDelegate=3.143035, FlushAsyncLoading=0.006415, FlushStreamingFunc=0.061151, BlockTillAllRequestsFinished=0.008553, ResetLoadersForSaveUnMarkAllObjects=88.105858, TagPackageExports=8.836414, BeginCacheForCookedPlatformData=0.008125, SerializeImports=12.797065, GatherLocalizableTextData=57.467060, MarkNames=0.265982, SerializeSummary=0.025228, SerializeNames=0.963010, SerializeGatherableTextData=0.104342, BuildExportMap=1.208890, SortExportsNonSeekfree=5.489834, SortExportsSeekfreeConstructor=0.096213, SortExportsSeekfreeInner=74.753746, SortExportsSeekfree=0.010263, BuildDependencyMap=0.516571, SerializeImportMap=0.106052, SerializeExportMap=0.199273, SerializeDependencyMap=0.057302, SerializeStringAssetReferenceMap=0.005987, SaveThumbNailsAssetRegistryDataWorldLevelInfo=4.703004, SerializeExports=69.646202, SerializeBulkData=1300.299927, MoveFile=3.641214, UnaccountedTime=1.324352, RunGuid=RunIDF44C1C26433DD96C22E462A066DBE1F5
SavePackageTransactionIdD0C8F2BA497A025F60D3248DB9D787A6_32, Filename=../../../../sergey/UnrealProjects/Game_1337/TopDownProject/Content/TopDownBP/Blueprints/CharGoingForAction.uasset, AutoPackageBackupDelegate=23.341406, FlushAsyncLoading=0.013687, FlushStreamingFunc=0.071838, BlockTillAllRequestsFinished=0.006843, ResetLoadersForSaveUnMarkAllObjects=0.156511, TagPackageExports=7.680122, BeginCacheForCookedPlatformData=0.007268, SerializeImports=8.308303, GatherLocalizableTextData=6.069690, MarkNames=0.044473, SerializeSummary=0.017103, SerializeNames=0.152662, SerializeGatherableTextData=0.206970, BuildExportMap=0.154801, SortExportsNonSeekfree=0.750050, SortExportsSeekfreeConstructor=0.015397, SortExportsSeekfreeInner=8.481487, SortExportsSeekfree=0.008978, BuildDependencyMap=0.060722, SerializeImportMap=0.019673, SerializeExportMap=0.036776, SerializeDependencyMap=0.006843, SerializeStringAssetReferenceMap=0.002135, SaveThumbNailsAssetRegistryDataWorldLevelInfo=18.622156, SerializeExports=10.223627, SerializeBulkData=0.010259, MoveFile=1.023304, UnaccountedTime=0.927940, RunGuid=RunIDF44C1C26433DD96C22E462A066DBE1F5
SavePackageTransactionIdD0C8F2BA497A025F60D3248DB9D787A6_33, Filename=../../../../sergey/UnrealProjects/Game_1337/TopDownProject/Content/TopDownBP/InventorySystem/Item/PickUpItem.uasset, AutoPackageBackupDelegate=35.616776, FlushAsyncLoading=0.013255, FlushStreamingFunc=0.057731, BlockTillAllRequestsFinished=0.005558, ResetLoadersForSaveUnMarkAllObjects=0.150952, TagPackageExports=21.002308, BeginCacheForCookedPlatformData=0.007272, SerializeImports=23.708305, GatherLocalizableTextData=12.068823, MarkNames=0.097498, SerializeSummary=0.018816, SerializeNames=0.440881, SerializeGatherableTextData=0.191145, BuildExportMap=0.317726, SortExportsNonSeekfree=2.307456, SortExportsSeekfreeConstructor=0.085954, SortExportsSeekfreeInner=29.758327, SortExportsSeekfree=0.009410, BuildDependencyMap=0.143252, SerializeImportMap=0.028647, SerializeExportMap=0.088949, SerializeDependencyMap=0.021379, SerializeStringAssetReferenceMap=0.002995, SaveThumbNailsAssetRegistryDataWorldLevelInfo=2.154794, SerializeExports=33.196423, SerializeBulkData=0.013258, MoveFile=2.682909, UnaccountedTime=1.101133, RunGuid=RunIDF44C1C26433DD96C22E462A066DBE1F5
SavePackageTransactionIdD0C8F2BA497A025F60D3248DB9D787A6_34, Filename=../../../../sergey/UnrealProjects/Game_1337/TopDownProject/Content/TopDownBP/InventorySystem/Chest/BaseChest.uasset, AutoPackageBackupDelegate=38.182514, FlushAsyncLoading=0.013683, FlushStreamingFunc=0.042763, BlockTillAllRequestsFinished=0.007268, ResetLoadersForSaveUnMarkAllObjects=0.148386, TagPackageExports=12.218491, BeginCacheForCookedPlatformData=0.007700, SerializeImports=12.907390, GatherLocalizableTextData=7.761370, MarkNames=0.076972, SerializeSummary=0.017531, SerializeNames=0.477228, SerializeGatherableTextData=0.132993, BuildExportMap=0.291210, SortExportsNonSeekfree=1.339316, SortExportsSeekfreeConstructor=0.079967, SortExportsSeekfreeInner=17.976870, SortExportsSeekfree=0.009410, BuildDependencyMap=0.209108, SerializeImportMap=0.026941, SerializeExportMap=0.059012, SerializeDependencyMap=0.017535, SerializeStringAssetReferenceMap=0.003420, SaveThumbNailsAssetRegistryDataWorldLevelInfo=10.605920, SerializeExports=17.470137, SerializeBulkData=0.011973, MoveFile=1.068629, UnaccountedTime=1.207609, RunGuid=RunIDF44C1C26433DD96C22E462A066DBE1F5
SavePackageTransactionIdD0C8F2BA497A025F60D3248DB9D787A6_35, Filename=../../../../sergey/UnrealProjects/Game_1337/TopDownProject/Content/TopDownBP/Maps/TopDownExampleMap.umap, AutoPackageBackupDelegate=207.645477, FlushAsyncLoading=0.014540, FlushStreamingFunc=0.062861, BlockTillAllRequestsFinished=0.005987, ResetLoadersForSaveUnMarkAllObjects=88.053696, TagPackageExports=8.615758, BeginCacheForCookedPlatformData=0.008125, SerializeImports=12.729928, GatherLocalizableTextData=56.803387, MarkNames=0.289500, SerializeSummary=0.023521, SerializeNames=0.972841, SerializeGatherableTextData=0.104770, BuildExportMap=1.175962, SortExportsNonSeekfree=5.830649, SortExportsSeekfreeConstructor=0.108618, SortExportsSeekfreeInner=74.996628, SortExportsSeekfree=0.009835, BuildDependencyMap=0.507589, SerializeImportMap=0.108618, SerializeExportMap=0.199698, SerializeDependencyMap=0.055164, SerializeStringAssetReferenceMap=0.003848, SaveThumbNailsAssetRegistryDataWorldLevelInfo=4.919384, SerializeExports=35.579140, SerializeBulkData=1292.932007, MoveFile=3.547568, UnaccountedTime=1.230698, RunGuid=RunIDF44C1C26433DD96C22E462A066DBE1F5
SavePackageTransactionIdD0C8F2BA497A025F60D3248DB9D787A6_36, Filename=../../../../sergey/UnrealProjects/Game_1337/TopDownProject/Content/TopDownBP/AI/MyAICharacter.uasset, AutoPackageBackupDelegate=43.575703, FlushAsyncLoading=0.011545, FlushStreamingFunc=0.041906, BlockTillAllRequestsFinished=0.007272, ResetLoadersForSaveUnMarkAllObjects=0.139404, TagPackageExports=26.758123, BeginCacheForCookedPlatformData=0.007696, SerializeImports=29.943060, GatherLocalizableTextData=17.166098, MarkNames=0.141542, SerializeSummary=0.023093, SerializeNames=0.595681, SerializeGatherableTextData=0.150520, BuildExportMap=0.457987, SortExportsNonSeekfree=2.840702, SortExportsSeekfreeConstructor=0.093650, SortExportsSeekfreeInner=44.158554, SortExportsSeekfree=0.008978, BuildDependencyMap=0.981398, SerializeImportMap=0.041481, SerializeExportMap=0.111610, SerializeDependencyMap=0.053026, SerializeStringAssetReferenceMap=0.005558, SaveThumbNailsAssetRegistryDataWorldLevelInfo=12.727365, SerializeExports=37.058720, SerializeBulkData=0.013683, MoveFile=2.749190, UnaccountedTime=1.097709, RunGuid=RunIDF44C1C26433DD96C22E462A066DBE1F5
SavePackageTransactionIdD0C8F2BA497A025F60D3248DB9D787A6_37, Filename=../../../../sergey/UnrealProjects/Game_1337/TopDownProject/Saved/Autosaves/Game/TopDownBP/Maps/TopDownExampleMap_Auto1.umap, AutoPackageBackupDelegate=72.972687, FlushAsyncLoading=0.019245, FlushStreamingFunc=0.112891, BlockTillAllRequestsFinished=0.008982, ResetLoadersForSaveUnMarkAllObjects=120.825058, TagPackageExports=11.764784, BeginCacheForCookedPlatformData=0.008125, SerializeImports=14.414336, GatherLocalizableTextData=67.251083, MarkNames=0.303183, SerializeSummary=0.029080, SerializeNames=1.439381, SerializeGatherableTextData=0.138551, BuildExportMap=1.752827, SortExportsNonSeekfree=5.462039, SortExportsSeekfreeConstructor=0.101347, SortExportsSeekfreeInner=79.481125, SortExportsSeekfree=0.011116, BuildDependencyMap=0.529397, SerializeImportMap=0.105195, SerializeExportMap=0.198416, SerializeDependencyMap=0.055593, SerializeStringAssetReferenceMap=0.004273, SaveThumbNailsAssetRegistryDataWorldLevelInfo=7.495817, SerializeExports=53.167728, SerializeBulkData=1409.770752, MoveFile=340.603088, UnaccountedTime=1.436818, RunGuid=RunIDF44C1C26433DD96C22E462A066DBE1F5
SavePackageTransactionIdD0C8F2BA497A025F60D3248DB9D787A6_38, Filename=../../../../sergey/UnrealProjects/Game_1337/TopDownProject/Saved/Autosaves/Game/TopDownBP/AI/MyAICharacter_Auto1.uasset, AutoPackageBackupDelegate=1.884539, FlushAsyncLoading=0.004705, FlushStreamingFunc=0.124864, BlockTillAllRequestsFinished=0.007272, ResetLoadersForSaveUnMarkAllObjects=0.124011, TagPackageExports=28.168425, BeginCacheForCookedPlatformData=0.007268, SerializeImports=31.857534, GatherLocalizableTextData=17.683092, MarkNames=0.137694, SerializeSummary=0.020098, SerializeNames=0.584561, SerializeGatherableTextData=0.186872, BuildExportMap=0.472523, SortExportsNonSeekfree=2.987381, SortExportsSeekfreeConstructor=0.021808, SortExportsSeekfreeInner=46.401440, SortExportsSeekfree=0.009835, BuildDependencyMap=1.185372, SerializeImportMap=0.041906, SerializeExportMap=0.115462, SerializeDependencyMap=0.072267, SerializeStringAssetReferenceMap=0.005133, SaveThumbNailsAssetRegistryDataWorldLevelInfo=13.398729, SerializeExports=37.227631, SerializeBulkData=0.012401, MoveFile=104.749832, UnaccountedTime=0.263844, RunGuid=RunIDF44C1C26433DD96C22E462A066DBE1F5
SavePackageTransactionIdD0C8F2BA497A025F60D3248DB9D787A6_39, Filename=../../../../sergey/UnrealProjects/Game_1337/TopDownProject/Content/TopDownBP/AI/MyAICharacter.uasset, AutoPackageBackupDelegate=1.893945, FlushAsyncLoading=0.003848, FlushStreamingFunc=0.037629, BlockTillAllRequestsFinished=0.004277, ResetLoadersForSaveUnMarkAllObjects=0.101347, TagPackageExports=28.208620, BeginCacheForCookedPlatformData=0.008125, SerializeImports=31.671516, GatherLocalizableTextData=17.832331, MarkNames=0.138979, SerializeSummary=0.020523, SerializeNames=0.605516, SerializeGatherableTextData=0.150096, BuildExportMap=0.464398, SortExportsNonSeekfree=2.924949, SortExportsSeekfreeConstructor=0.085097, SortExportsSeekfreeInner=45.232315, SortExportsSeekfree=0.008982, BuildDependencyMap=0.213813, SerializeImportMap=0.043187, SerializeExportMap=0.115033, SerializeDependencyMap=0.026513, SerializeStringAssetReferenceMap=0.003424, SaveThumbNailsAssetRegistryDataWorldLevelInfo=12.193687, SerializeExports=39.381573, SerializeBulkData=0.012401, MoveFile=1.121227, UnaccountedTime=1.028862, RunGuid=RunIDF44C1C26433DD96C22E462A066DBE1F5
SavePackageTransactionIdD0C8F2BA497A025F60D3248DB9D787A6_40, Filename=../../../../sergey/UnrealProjects/Game_1337/TopDownProject/Content/TopDownBP/AI/MyAICharacter.uasset, AutoPackageBackupDelegate=2.005555, FlushAsyncLoading=0.005130, FlushStreamingFunc=0.090659, BlockTillAllRequestsFinished=0.006415, ResetLoadersForSaveUnMarkAllObjects=0.108186, TagPackageExports=29.124592, BeginCacheForCookedPlatformData=0.007696, SerializeImports=31.911413, GatherLocalizableTextData=17.499641, MarkNames=0.140261, SerializeSummary=0.020098, SerializeNames=0.588410, SerializeGatherableTextData=0.150096, BuildExportMap=0.518709, SortExportsNonSeekfree=3.114808, SortExportsSeekfreeConstructor=0.091083, SortExportsSeekfreeInner=45.435440, SortExportsSeekfree=0.008982, BuildDependencyMap=0.212956, SerializeImportMap=0.041053, SerializeExportMap=0.116739, SerializeDependencyMap=0.027366, SerializeStringAssetReferenceMap=0.002995, SaveThumbNailsAssetRegistryDataWorldLevelInfo=12.554173, SerializeExports=42.014877, SerializeBulkData=0.012830, MoveFile=2.647418, UnaccountedTime=1.215305, RunGuid=RunIDF44C1C26433DD96C22E462A066DBE1F5
SavePackageTransactionIdD0C8F2BA497A025F60D3248DB9D787A6_41, Filename=../../../../sergey/UnrealProjects/Game_1337/TopDownProject/Content/TopDownBP/Maps/TopDownExampleMap.umap, AutoPackageBackupDelegate=2.043188, FlushAsyncLoading=0.004277, FlushStreamingFunc=0.068847, BlockTillAllRequestsFinished=0.005987, ResetLoadersForSaveUnMarkAllObjects=86.523651, TagPackageExports=8.643981, BeginCacheForCookedPlatformData=0.008553, SerializeImports=12.956996, GatherLocalizableTextData=55.504696, MarkNames=0.270683, SerializeSummary=0.024803, SerializeNames=0.932220, SerializeGatherableTextData=0.107761, BuildExportMap=1.186654, SortExportsNonSeekfree=5.515918, SortExportsSeekfreeConstructor=0.097070, SortExportsSeekfreeInner=74.472366, SortExportsSeekfree=0.010263, BuildDependencyMap=0.535384, SerializeImportMap=0.104338, SerializeExportMap=0.200130, SerializeDependencyMap=0.067566, SerializeStringAssetReferenceMap=0.006840, SaveThumbNailsAssetRegistryDataWorldLevelInfo=4.872773, SerializeExports=36.706360, SerializeBulkData=1274.703247, MoveFile=3.710061, UnaccountedTime=1.427837, RunGuid=RunIDF44C1C26433DD96C22E462A066DBE1F5
SavePackageTransactionIdD0C8F2BA497A025F60D3248DB9D787A6_42, Filename=../../../../sergey/UnrealProjects/Game_1337/TopDownProject/Content/TopDownBP/AI/MyAICharacter.uasset, AutoPackageBackupDelegate=54.003735, FlushAsyncLoading=0.015821, FlushStreamingFunc=0.078682, BlockTillAllRequestsFinished=0.008125, ResetLoadersForSaveUnMarkAllObjects=0.157792, TagPackageExports=28.779499, BeginCacheForCookedPlatformData=0.007272, SerializeImports=31.352509, GatherLocalizableTextData=18.743168, MarkNames=0.139836, SerializeSummary=0.020951, SerializeNames=0.590548, SerializeGatherableTextData=0.184309, BuildExportMap=0.480648, SortExportsNonSeekfree=2.944186, SortExportsSeekfreeConstructor=0.016250, SortExportsSeekfreeInner=45.999905, SortExportsSeekfree=0.009406, BuildDependencyMap=0.948898, SerializeImportMap=0.041910, SerializeExportMap=0.115883, SerializeDependencyMap=0.026941, SerializeStringAssetReferenceMap=0.002991, SaveThumbNailsAssetRegistryDataWorldLevelInfo=3.019452, SerializeExports=35.845978, SerializeBulkData=0.012401, MoveFile=2.805639, UnaccountedTime=1.039553, RunGuid=RunIDF44C1C26433DD96C22E462A066DBE1F5
SavePackageTransactionIdD0C8F2BA497A025F60D3248DB9D787A6_43, Filename=../../../../sergey/UnrealProjects/Game_1337/TopDownProject/Content/TopDownBP/AI/MyAICharacter.uasset, AutoPackageBackupDelegate=2.796657, FlushAsyncLoading=0.005562, FlushStreamingFunc=0.058156, BlockTillAllRequestsFinished=0.005558, ResetLoadersForSaveUnMarkAllObjects=0.118881, TagPackageExports=28.635389, BeginCacheForCookedPlatformData=0.007268, SerializeImports=32.102985, GatherLocalizableTextData=17.642467, MarkNames=0.147104, SerializeSummary=0.020098, SerializeNames=0.572588, SerializeGatherableTextData=0.160359, BuildExportMap=0.477228, SortExportsNonSeekfree=3.066488, SortExportsSeekfreeConstructor=0.090230, SortExportsSeekfreeInner=47.536350, SortExportsSeekfree=0.008982, BuildDependencyMap=0.209965, SerializeImportMap=0.041049, SerializeExportMap=0.116743, SerializeDependencyMap=0.026938, SerializeStringAssetReferenceMap=0.002995, SaveThumbNailsAssetRegistryDataWorldLevelInfo=13.678398, SerializeExports=40.960785, SerializeBulkData=0.012401, MoveFile=3.056224, UnaccountedTime=1.213171, RunGuid=RunIDF44C1C26433DD96C22E462A066DBE1F5
SavePackageTransactionIdD0C8F2BA497A025F60D3248DB9D787A6_44, Filename=../../../../sergey/UnrealProjects/Game_1337/TopDownProject/Content/TopDownBP/Maps/TopDownExampleMap.umap, AutoPackageBackupDelegate=276.604065, FlushAsyncLoading=0.014540, FlushStreamingFunc=0.061575, BlockTillAllRequestsFinished=0.006843, ResetLoadersForSaveUnMarkAllObjects=92.279045, TagPackageExports=8.511848, BeginCacheForCookedPlatformData=0.007696, SerializeImports=12.986928, GatherLocalizableTextData=57.697121, MarkNames=0.301044, SerializeSummary=0.027370, SerializeNames=0.972416, SerializeGatherableTextData=0.112463, BuildExportMap=1.205474, SortExportsNonSeekfree=5.403023, SortExportsSeekfreeConstructor=0.091512, SortExportsSeekfreeInner=75.461029, SortExportsSeekfree=0.010263, BuildDependencyMap=0.523839, SerializeImportMap=0.103056, SerializeExportMap=0.198845, SerializeDependencyMap=0.057727, SerializeStringAssetReferenceMap=0.004277, SaveThumbNailsAssetRegistryDataWorldLevelInfo=4.676919, SerializeExports=35.404671, SerializeBulkData=1277.780029, MoveFile=3.789600, UnaccountedTime=1.282442, RunGuid=RunIDF44C1C26433DD96C22E462A066DBE1F5
SavePackageTransactionIdD0C8F2BA497A025F60D3248DB9D787A6_45, Filename=../../../../sergey/UnrealProjects/Game_1337/TopDownProject/Content/TopDownBP/AI/MyAICharacter.uasset, AutoPackageBackupDelegate=127.814133, FlushAsyncLoading=0.013258, FlushStreamingFunc=0.059437, BlockTillAllRequestsFinished=0.005562, ResetLoadersForSaveUnMarkAllObjects=0.150520, TagPackageExports=30.684135, BeginCacheForCookedPlatformData=0.007696, SerializeImports=35.045895, GatherLocalizableTextData=20.558002, MarkNames=0.151809, SerializeSummary=0.020526, SerializeNames=0.586271, SerializeGatherableTextData=0.195425, BuildExportMap=0.484925, SortExportsNonSeekfree=3.360693, SortExportsSeekfreeConstructor=0.019670, SortExportsSeekfreeInner=48.283413, SortExportsSeekfree=0.009835, BuildDependencyMap=0.235192, SerializeImportMap=0.041477, SerializeExportMap=0.126150, SerializeDependencyMap=0.026084, SerializeStringAssetReferenceMap=0.002991, SaveThumbNailsAssetRegistryDataWorldLevelInfo=77.943817, SerializeExports=40.397175, SerializeBulkData=0.011977, MoveFile=1.080178, UnaccountedTime=1.181953, RunGuid=RunIDF44C1C26433DD96C22E462A066DBE1F5
SavePackageTransactionIdD0C8F2BA497A025F60D3248DB9D787A6_46, Filename=../../../../sergey/UnrealProjects/Game_1337/TopDownProject/Content/TopDownBP/Maps/TopDownExampleMap.umap, AutoPackageBackupDelegate=61.834381, FlushAsyncLoading=0.014964, FlushStreamingFunc=0.086382, BlockTillAllRequestsFinished=0.010263, ResetLoadersForSaveUnMarkAllObjects=98.956383, TagPackageExports=9.100258, BeginCacheForCookedPlatformData=0.008125, SerializeImports=14.100462, GatherLocalizableTextData=62.780281, MarkNames=0.275820, SerializeSummary=0.025228, SerializeNames=0.924524, SerializeGatherableTextData=0.116739, BuildExportMap=1.188796, SortExportsNonSeekfree=8.059848, SortExportsSeekfreeConstructor=0.145819, SortExportsSeekfreeInner=79.785164, SortExportsSeekfree=0.013255, BuildDependencyMap=0.824459, SerializeImportMap=0.105195, SerializeExportMap=0.209965, SerializeDependencyMap=0.080392, SerializeStringAssetReferenceMap=0.008982, SaveThumbNailsAssetRegistryDataWorldLevelInfo=6.681617, SerializeExports=37.747620, SerializeBulkData=1380.969849, MoveFile=55.406334, UnaccountedTime=2.105620, RunGuid=RunIDF44C1C26433DD96C22E462A066DBE1F5
SavePackageTransactionIdD0C8F2BA497A025F60D3248DB9D787A6_47, Filename=../../../../sergey/UnrealProjects/Game_1337/TopDownProject/Content/TopDownBP/AI/MyAICharacter.uasset, AutoPackageBackupDelegate=14.276643, FlushAsyncLoading=0.014111, FlushStreamingFunc=0.072267, BlockTillAllRequestsFinished=0.008125, ResetLoadersForSaveUnMarkAllObjects=0.177894, TagPackageExports=37.338387, BeginCacheForCookedPlatformData=0.010259, SerializeImports=36.992012, GatherLocalizableTextData=22.277477, MarkNames=0.300620, SerializeSummary=0.032928, SerializeNames=0.800084, SerializeGatherableTextData=0.191573, BuildExportMap=0.623476, SortExportsNonSeekfree=3.629241, SortExportsSeekfreeConstructor=0.024375, SortExportsSeekfreeInner=58.768318, SortExportsSeekfree=0.011973, BuildDependencyMap=1.322642, SerializeImportMap=0.047468, SerializeExportMap=0.148814, SerializeDependencyMap=0.035495, SerializeStringAssetReferenceMap=0.005558, SaveThumbNailsAssetRegistryDataWorldLevelInfo=15.886645, SerializeExports=54.819641, SerializeBulkData=0.013683, MoveFile=1.223858, UnaccountedTime=1.174253, RunGuid=RunIDF44C1C26433DD96C22E462A066DBE1F5
SavePackageTransactionIdD0C8F2BA497A025F60D3248DB9D787A6_48, Filename=../../../../sergey/UnrealProjects/Game_1337/TopDownProject/Content/TopDownBP/AI/MyAICharacter.uasset, AutoPackageBackupDelegate=31.856251, FlushAsyncLoading=0.012401, FlushStreamingFunc=0.055164, BlockTillAllRequestsFinished=0.006840, ResetLoadersForSaveUnMarkAllObjects=0.140261, TagPackageExports=32.136345, BeginCacheForCookedPlatformData=0.007272, SerializeImports=34.620407, GatherLocalizableTextData=23.194305, MarkNames=0.155229, SerializeSummary=0.023089, SerializeNames=0.574298, SerializeGatherableTextData=0.176609, BuildExportMap=0.499893, SortExportsNonSeekfree=3.730163, SortExportsSeekfreeConstructor=0.109471, SortExportsSeekfreeInner=53.145061, SortExportsSeekfree=0.008982, BuildDependencyMap=0.960872, SerializeImportMap=0.043619, SerializeExportMap=0.133418, SerializeDependencyMap=0.029504, SerializeStringAssetReferenceMap=0.003848, SaveThumbNailsAssetRegistryDataWorldLevelInfo=16.440422, SerializeExports=57.571396, SerializeBulkData=0.015393, MoveFile=1.133632, UnaccountedTime=1.141325, RunGuid=RunIDF44C1C26433DD96C22E462A066DBE1F5
SavePackageTransactionIdD0C8F2BA497A025F60D3248DB9D787A6_49, Filename=../../../../sergey/UnrealProjects/Game_1337/TopDownProject/Content/TopDownBP/Maps/TopDownExampleMap.umap, AutoPackageBackupDelegate=100.826813, FlushAsyncLoading=0.014968, FlushStreamingFunc=0.068847, BlockTillAllRequestsFinished=0.008978, ResetLoadersForSaveUnMarkAllObjects=86.754997, TagPackageExports=8.150507, BeginCacheForCookedPlatformData=0.007696, SerializeImports=12.380559, GatherLocalizableTextData=56.161953, MarkNames=0.264697, SerializeSummary=0.023521, SerializeNames=0.923667, SerializeGatherableTextData=0.104766, BuildExportMap=1.208037, SortExportsNonSeekfree=5.345296, SortExportsSeekfreeConstructor=0.091940, SortExportsSeekfreeInner=74.350494, SortExportsSeekfree=0.010263, BuildDependencyMap=0.523411, SerializeImportMap=0.115458, SerializeExportMap=0.199702, SerializeDependencyMap=0.054307, SerializeStringAssetReferenceMap=0.004705, SaveThumbNailsAssetRegistryDataWorldLevelInfo=4.827444, SerializeExports=36.645206, SerializeBulkData=1290.765625, MoveFile=3.827229, UnaccountedTime=1.187939, RunGuid=RunIDF44C1C26433DD96C22E462A066DBE1F5
SavePackageTransactionIdD0C8F2BA497A025F60D3248DB9D787A6_50, Filename=../../../../sergey/UnrealProjects/Game_1337/TopDownProject/Content/TopDownBP/AI/MyAICharacter.uasset, AutoPackageBackupDelegate=25.118612, FlushAsyncLoading=0.013683, FlushStreamingFunc=0.071842, BlockTillAllRequestsFinished=0.011973, ResetLoadersForSaveUnMarkAllObjects=0.165492, TagPackageExports=37.874195, BeginCacheForCookedPlatformData=0.007696, SerializeImports=43.454689, GatherLocalizableTextData=19.937094, MarkNames=0.151806, SerializeSummary=0.023521, SerializeNames=0.596106, SerializeGatherableTextData=0.168912, BuildExportMap=0.511438, SortExportsNonSeekfree=3.431682, SortExportsSeekfreeConstructor=0.017103, SortExportsSeekfreeInner=48.522881, SortExportsSeekfree=0.009406, BuildDependencyMap=0.982679, SerializeImportMap=0.041906, SerializeExportMap=0.129141, SerializeDependencyMap=0.044473, SerializeStringAssetReferenceMap=0.005987, SaveThumbNailsAssetRegistryDataWorldLevelInfo=3.435101, SerializeExports=42.823082, SerializeBulkData=0.013687, MoveFile=2.916396, UnaccountedTime=1.373097, RunGuid=RunIDF44C1C26433DD96C22E462A066DBE1F5
SavePackageTransactionIdD0C8F2BA497A025F60D3248DB9D787A6_51, Filename=../../../../sergey/UnrealProjects/Game_1337/TopDownProject/Content/TopDownBP/AI/MyAICharacter.uasset, AutoPackageBackupDelegate=1.392342, FlushAsyncLoading=0.005133, FlushStreamingFunc=0.069275, BlockTillAllRequestsFinished=0.006840, ResetLoadersForSaveUnMarkAllObjects=0.110757, TagPackageExports=34.242817, BeginCacheForCookedPlatformData=0.007696, SerializeImports=32.682846, GatherLocalizableTextData=19.680094, MarkNames=0.150952, SerializeSummary=0.020526, SerializeNames=0.626039, SerializeGatherableTextData=0.254866, BuildExportMap=0.518277, SortExportsNonSeekfree=3.486417, SortExportsSeekfreeConstructor=0.017531, SortExportsSeekfreeInner=49.607765, SortExportsSeekfree=0.008978, BuildDependencyMap=0.229206, SerializeImportMap=0.042334, SerializeExportMap=0.140261, SerializeDependencyMap=0.029080, SerializeStringAssetReferenceMap=0.003420, SaveThumbNailsAssetRegistryDataWorldLevelInfo=3.405597, SerializeExports=41.459393, SerializeBulkData=0.011973, MoveFile=3.086161, UnaccountedTime=1.097709, RunGuid=RunIDF44C1C26433DD96C22E462A066DBE1F5
SavePackageTransactionIdD0C8F2BA497A025F60D3248DB9D787A6_52, Filename=../../../../sergey/UnrealProjects/Game_1337/TopDownProject/Content/TopDownBP/AI/MyAICharacter.uasset, AutoPackageBackupDelegate=3.047675, FlushAsyncLoading=0.012826, FlushStreamingFunc=0.070985, BlockTillAllRequestsFinished=0.006415, ResetLoadersForSaveUnMarkAllObjects=0.141118, TagPackageExports=44.218849, BeginCacheForCookedPlatformData=0.009410, SerializeImports=36.647770, GatherLocalizableTextData=22.910364, MarkNames=0.160359, SerializeSummary=0.022236, SerializeNames=0.575583, SerializeGatherableTextData=0.242889, BuildExportMap=0.503313, SortExportsNonSeekfree=3.907196, SortExportsSeekfreeConstructor=0.096645, SortExportsSeekfreeInner=50.958199, SortExportsSeekfree=0.008978, BuildDependencyMap=0.982679, SerializeImportMap=0.050887, SerializeExportMap=0.130851, SerializeDependencyMap=0.037629, SerializeStringAssetReferenceMap=0.005133, SaveThumbNailsAssetRegistryDataWorldLevelInfo=13.577477, SerializeExports=44.531013, SerializeBulkData=0.013687, MoveFile=3.177673, UnaccountedTime=1.368824, RunGuid=RunIDF44C1C26433DD96C22E462A066DBE1F5
SavePackageTransactionIdD0C8F2BA497A025F60D3248DB9D787A6_53, Filename=../../../../sergey/UnrealProjects/Game_1337/TopDownProject/Content/TopDownBP/Maps/TopDownExampleMap.umap, AutoPackageBackupDelegate=68.939774, FlushAsyncLoading=0.014540, FlushStreamingFunc=0.064999, BlockTillAllRequestsFinished=0.006415, ResetLoadersForSaveUnMarkAllObjects=89.712875, TagPackageExports=9.122923, BeginCacheForCookedPlatformData=0.007696, SerializeImports=12.656804, GatherLocalizableTextData=58.036224, MarkNames=0.292495, SerializeSummary=0.023518, SerializeNames=1.008339, SerializeGatherableTextData=0.154372, BuildExportMap=1.179386, SortExportsNonSeekfree=5.689103, SortExportsSeekfreeConstructor=0.098780, SortExportsSeekfreeInner=75.766785, SortExportsSeekfree=0.011120, BuildDependencyMap=0.526831, SerializeImportMap=0.140689, SerializeExportMap=0.267264, SerializeDependencyMap=0.084668, SerializeStringAssetReferenceMap=0.005558, SaveThumbNailsAssetRegistryDataWorldLevelInfo=4.703432, SerializeExports=39.547493, SerializeBulkData=1342.013794, MoveFile=6.212089, UnaccountedTime=1.534313, RunGuid=RunIDF44C1C26433DD96C22E462A066DBE1F5
